retro_game_id,id,first,last,position,num,box_name,rl,bats,status,team_abbrev,team_id,parent_team_abbrev,parent_team_id,avg,hr,rbi,wins,losses,era,bat_order,game_position
CHA201909070,621532,Anthony,Bemboom,C,48,Bemboom,R,L,A,LAA,108,LAA,108,0.156,1,4,0,0,0.0,9,C
CHA201909070,650859,Luis,Rengifo,2B,4,Rengifo,R,S,A,LAA,108,LAA,108,0.237,7,32,0,0,0.0,8,2B
CHA201909070,405395,Albert,Pujols,1B,5,Pujols,R,R,A,LAA,108,LAA,108,0.252,21,84,0,0,0.0,5,1B
CHA201909070,642578,Jose,Rodriguez,P,63,"Rodriguez, J",R,R,A,LAA,108,LAA,108,0.0,0,0,0,0,3.12,U,U
CHA201909070,663776,Patrick,Sandoval,P,43,"Sandoval, P",L,L,A,LAA,108,LAA,108,0.0,0,0,0,2,4.91,U,U
CHA201909070,592743,Andrelton,Simmons,SS,2,Simmons,R,R,A,LAA,108,LAA,108,0.261,6,33,0,0,0.0,7,SS
CHA201909070,571506,Justin,Bour,1B,41,Bour,R,L,A,LAA,108,LAA,108,0.181,8,26,0,0,0.0,U,U
CHA201909070,642136,Matt,Thaiss,1B,23,Thaiss,R,L,A,LAA,108,LAA,108,0.191,6,19,0,0,0.0,U,U
CHA201909070,641684,Michael,Hermosillo,CF,21,Hermosillo,R,R,A,LAA,108,LAA,108,0.0,0,0,0,0,0.0,3,LF
CHA201909070,621493,Taylor,Ward,3B,3,Ward,R,R,A,LAA,108,LAA,108,0.1,0,0,0,0,0.0,9,PR
CHA201909070,660761,Jose,Suarez,P,54,"Suarez, J",L,L,A,LAA,108,LAA,108,0.0,0,0,2,5,6.45,U,U
CHA201909070,606167,Adalberto,Mejia,P,49,Mejía,L,R,A,LAA,108,LAA,108,0.0,0,0,0,2,7.48,U,U
CHA201909070,502239,Trevor,Cahill,P,53,Cahill,R,R,A,LAA,108,LAA,108,0.333,0,0,3,9,6.2,U,U
CHA201909070,545361,Mike,Trout,CF,27,Trout,R,R,A,LAA,108,LAA,108,0.291,45,104,0,0,0.0,9,PH
CHA201909070,596071,Dillon,Peters,P,52,Peters,L,L,A,LAA,108,LAA,108,0.0,0,0,3,2,4.45,U,U
CHA201909070,457708,Justin,Upton,LF,8,Upton,R,R,A,LAA,108,LAA,108,0.221,12,40,0,0,0.0,3,LF
CHA201909070,665120,Jared,Walsh,1B,25,Walsh,L,L,A,LAA,108,LAA,108,0.214,0,2,0,0,0.0,U,U
CHA201909070,600887,Miguel,Del Pozo,P,58,"Del Pozo, M",L,L,A,LAA,108,LAA,108,0.0,0,0,1,1,4.05,U,U
CHA201909070,660271,Shohei,Ohtani,D,17,Ohtani,R,L,A,LAA,108,LAA,108,0.293,17,60,0,0,0.0,4,DH
CHA201909070,571718,Brian,Goodwin,LF,18,Goodwin,R,L,A,LAA,108,LAA,108,0.286,16,45,0,0,0.0,2,CF
CHA201909070,594777,Kole,Calhoun,RF,56,"Calhoun, K",L,L,A,LAA,108,LAA,108,0.233,28,67,0,0,0.0,6,RF
CHA201909070,572703,Luke,Bard,P,39,Bard,R,R,A,LAA,108,LAA,108,0.0,0,0,1,2,5.2,U,U
CHA201909070,642545,Jaime,Barria,P,51,Barria,R,R,A,LAA,108,LAA,108,0.0,0,0,4,7,6.27,U,U
CHA201909070,570663,Hansel,Robles,P,57,Robles,R,R,A,LAA,108,LAA,108,0.0,0,0,5,0,2.48,U,P
CHA201909070,641871,Keynan,Middleton,P,99,Middleton,R,R,A,LAA,108,LAA,108,0.0,0,0,0,0,0.0,U,U
CHA201909070,664058,David,Fletcher,3B,6,Fletcher,R,R,A,LAA,108,LAA,108,0.287,5,44,0,0,0.0,1,3B
CHA201909070,621142,Ty,Buttrey,P,31,Buttrey,R,L,A,LAA,108,LAA,108,0.0,0,0,6,7,4.06,U,P
CHA201909070,518566,Taylor,Cole,P,67,"Cole, T",R,R,A,LAA,108,LAA,108,0.0,0,0,3,4,6.8,U,U
CHA201909070,571760,Andrew,Heaney,P,28,Heaney,L,L,A,LAA,108,LAA,108,0.0,0,0,4,4,4.3,U,P
CHA201909070,598287,Noe,Ramirez,P,24,"Ramirez, N",R,R,A,LAA,108,LAA,108,0.0,0,0,4,3,4.19,U,U
CHA201909070,607345,Kevan,Smith,C,44,"Smith, K",R,R,A,LAA,108,LAA,108,0.229,4,14,0,0,0.0,9,C
CHA201909070,472610,Luis,Garcia,P,40,"García, L",R,R,A,LAA,108,LAA,108,0.0,0,0,2,1,4.31,U,P
CHA201909070,657228,Jake,Jewell,P,65,Jewell,R,R,A,LAA,108,LAA,108,0.0,0,0,0,0,8.1,U,U
CHA201909070,545358,Max,Stassi,C,33,Stassi,R,R,A,LAA,108,LAA,108,0.136,1,5,0,0,0.0,U,U
CHA201909070,517008,Alex,Colome,P,48,Colomé,R,R,A,CWS,145,CWS,145,0.0,0,0,4,3,2.55,U,U
CHA201909070,544725,Leury,Garcia,CF,28,"García, L",R,S,A,CWS,145,CWS,145,0.277,7,38,0,0,0.0,U,U
CHA201909070,660162,Yoan,Moncada,3B,10,Moncada,R,S,A,CWS,145,CWS,145,0.298,22,66,0,0,0.0,2,3B
CHA201909070,592229,Dylan,Covey,P,68,Covey,R,R,A,CWS,145,CWS,145,0.0,0,0,1,8,7.69,U,P
CHA201909070,570560,Yolmer,Sanchez,2B,5,"Sánchez, Y",R,S,A,CWS,145,CWS,145,0.253,2,37,0,0,0.0,8,2B
CHA201909070,572365,Ryan,Goins,2B,17,Goins,R,L,A,CWS,145,CWS,145,0.256,2,10,0,0,0.0,9,RF
CHA201909070,605474,Matt,Skole,1B,32,Skole,R,L,A,CWS,145,CWS,145,0.217,0,6,0,0,0.0,U,U
CHA201909070,605359,Evan,Marshall,P,43,Marshall,R,R,A,CWS,145,CWS,145,0.0,0,0,4,2,3.07,U,P
CHA201909070,547989,Jose,Abreu,1B,79,Abreu,R,R,A,CWS,145,CWS,145,0.282,30,111,0,0,0.0,3,1B
CHA201909070,446321,Ross,Detwiler,P,54,Detwiler,L,R,A,CWS,145,CWS,145,0.0,0,0,2,5,6.79,U,U
CHA201909070,467100,Ivan,Nova,P,46,Nova,R,R,A,CWS,145,CWS,145,0.0,0,0,9,12,4.69,U,U
CHA201909070,656302,Dylan,Cease,P,84,Cease,R,R,A,CWS,145,CWS,145,0.0,0,0,3,7,6.75,U,U
CHA201909070,641470,Zack,Collins,C,38,Collins,R,L,A,CWS,145,CWS,145,0.105,1,4,0,0,0.0,6,C
CHA201909070,516969,Kelvin,Herrera,P,41,"Herrera, K",R,R,A,CWS,145,CWS,145,0.0,0,0,3,3,6.8,U,P
CHA201909070,594953,Daniel,Palka,RF,18,Palka,L,L,A,CWS,145,CWS,145,0.019,0,2,0,0,0.0,U,U
CHA201909070,641313,Tim,Anderson,SS,7,"Anderson, Ti",R,R,A,CWS,145,CWS,145,0.334,16,52,0,0,0.0,1,SS
CHA201909070,607481,Aaron,Bummer,P,39,Bummer,L,L,A,CWS,145,CWS,145,0.0,0,0,0,0,2.29,U,U
CHA201909070,456078,Welington,Castillo,C,21,Castillo,R,R,A,CWS,145,CWS,145,0.205,9,30,0,0,0.0,U,U
CHA201909070,641477,Ryan,Cordell,RF,49,Cordell,R,R,A,CWS,145,CWS,145,0.223,6,20,0,0,0.0,9,RF
CHA201909070,625643,Reynaldo,Lopez,P,40,"López, R",R,R,A,CWS,145,CWS,145,0.0,0,0,9,12,5.17,U,U
CHA201909070,622772,Jimmy,Cordero,P,60,"Cordero, J",R,R,A,CWS,145,CWS,145,0.0,0,0,0,1,4.26,U,U
CHA201909070,641553,Adam,Engel,CF,15,Engel,R,R,A,CWS,145,CWS,145,0.224,2,19,0,0,0.0,7,CF
CHA201909070,592612,Josh,Osich,P,64,Osich,L,L,A,CWS,145,CWS,145,0.0,0,0,1,0,5.24,U,U
CHA201909070,605240,Jace,Fry,P,57,"Fry, J",L,L,A,CWS,145,CWS,145,0.0,0,0,2,4,5.18,U,P
CHA201909070,608334,Carson,Fulmer,P,51,"Fulmer, C",R,R,A,CWS,145,CWS,145,0.0,0,0,1,1,5.4,U,P
CHA201909070,650391,Eloy,Jimenez,LF,74,Jiménez,R,R,A,CWS,145,CWS,145,0.249,24,58,0,0,0.0,4,LF
CHA201909070,608337,Lucas,Giolito,P,27,Giolito,R,R,A,CWS,145,CWS,145,0.25,0,2,14,8,3.27,U,U
CHA201909070,664901,Danny,Mendick,SS,20,Mendick,R,R,A,CWS,145,CWS,145,0.333,0,0,0,0,0.0,U,U
CHA201909070,502327,Hector,Santiago,P,53,Santiago,L,R,A,CWS,145,CWS,145,0.0,0,0,1,1,5.55,U,U
CHA201909070,543510,James,McCann,C,33,"McCann, J",R,R,A,CWS,145,CWS,145,0.272,16,54,0,0,0.0,5,DH
CHA201909070,544365,Manny,Banuelos,P,58,Banuelos,L,R,A,CWS,145,CWS,145,0.0,0,0,3,4,7.52,U,U
CHA201909070,614179,Jose,Ruiz,P,66,"Ruiz, J",R,R,A,CWS,145,CWS,145,0.0,0,0,1,2,5.2,U,P
CIN201909070,642073,Jimmie,Sherfy,P,54,Sherfy,R,R,A,ARI,109,ARI,109,0.0,0,0,0,0,0.77,9,P
CIN201909070,502190,Mike,Leake,P,8,Leake,R,R,A,ARI,109,ARI,109,0.077,0,1,11,10,4.71,U,U
CIN201909070,668942,Josh,Rojas,3B,9,Rojas,R,L,A,ARI,109,ARI,109,0.258,2,10,0,0,0.0,6,LF
CIN201909070,605151,Archie,Bradley,P,25,"Bradley, A",R,R,A,ARI,109,ARI,109,0.0,0,0,4,5,3.9,U,U
CIN201909070,641541,Jon,Duplantier,P,57,Duplantier,R,L,A,ARI,109,ARI,109,0.0,0,0,1,1,5.2,U,U
CIN201909070,518876,Merrill,Kelly,P,29,"Kelly, M",R,R,A,ARI,109,ARI,109,0.023,0,2,10,13,4.69,U,U
CIN201909070,519008,T.J.,McFarland,P,30,McFarland,L,L,A,ARI,109,ARI,109,0.0,0,0,0,0,5.13,U,U
CIN201909070,605196,Kevin,Cron,1B,32,"Cron, K",R,R,A,ARI,109,ARI,109,0.2,5,15,0,0,0.0,U,U
CIN201909070,661255,Yoan,Lopez,P,50,"Lopez, Y",R,R,A,ARI,109,ARI,109,0.0,0,0,2,5,2.78,U,U
CIN201909070,622065,Alex,Young,P,49,Young,L,L,A,ARI,109,ARI,109,0.048,0,0,7,3,3.38,9,P
CIN201909070,605177,Andrew,Chafin,P,40,Chafin,L,R,A,ARI,109,ARI,109,0.0,0,0,2,2,3.99,9,P
CIN201909070,500871,Eduardo,Escobar,3B,5,"Escobar, E",R,S,A,ARI,109,ARI,109,0.272,33,110,0,0,0.0,3,3B
CIN201909070,656464,Kevin,Ginkel,P,37,Ginkel,R,L,A,ARI,109,ARI,109,0.0,0,0,2,0,1.56,U,U
CIN201909070,605113,Nick,Ahmed,SS,13,Ahmed,R,R,A,ARI,109,ARI,109,0.263,18,78,0,0,0.0,7,SS
CIN201909070,606466,Ketel,Marte,CF,4,"Marte, K",R,S,A,ARI,109,ARI,109,0.331,31,89,0,0,0.0,2,2B
CIN201909070,608348,Carson,Kelly,C,18,"Kelly, C",R,R,A,ARI,109,ARI,109,0.256,18,43,0,0,0.0,8,C
CIN201909070,592233,Stefan,Crichton,P,58,Crichton,R,R,A,ARI,109,ARI,109,0.0,0,0,0,0,4.57,U,U
CIN201909070,545121,Ildemaro,Vargas,2B,15,"Vargas, I",R,S,A,ARI,109,ARI,109,0.26,5,21,0,0,0.0,U,U
CIN201909070,430945,Adam,Jones,RF,10,"Jones, A",R,R,A,ARI,109,ARI,109,0.268,15,61,0,0,0.0,U,U
CIN201909070,527038,Wilmer,Flores,2B,41,Flores,R,R,A,ARI,109,ARI,109,0.319,7,28,0,0,0.0,5,2B
CIN201909070,582494,Robby,Scott,P,63,"Scott, Ro",L,R,A,ARI,109,ARI,109,0.0,0,0,0,0,4.5,U,U
CIN201909070,641796,Tim,Locastro,LF,16,Locastro,R,R,A,ARI,109,ARI,109,0.254,1,15,0,0,0.0,5,RF
CIN201909070,664199,Taylor,Clarke,P,45,Clarke,R,R,A,ARI,109,ARI,109,0.273,1,2,4,5,5.45,U,U
CIN201909070,668678,Zac,Gallen,P,59,Gallen,R,R,A,ARI,109,ARI,109,0.118,0,1,3,4,2.5,U,U
CIN201909070,571875,Jake,Lamb,1B,22,Lamb,R,L,A,ARI,109,ARI,109,0.199,5,22,0,0,0.0,U,U
CIN201909070,572233,Christian,Walker,1B,53,"Walker, C",R,R,A,ARI,109,ARI,109,0.262,25,63,0,0,0.0,4,1B
CIN201909070,501659,Abraham,Almonte,OF,48,"Almonte, A",R,S,A,ARI,109,ARI,109,0.429,0,0,0,0,0.0,9,PH
CIN201909070,642736,Domingo,Leyba,2B,2,Leyba,R,S,A,ARI,109,ARI,109,0.333,0,1,0,0,0.0,U,U
CIN201909070,592662,Robbie,Ray,P,38,Ray,L,L,A,ARI,109,ARI,109,0.083,0,3,12,7,4.03,U,U
CIN201909070,542882,Matt,Andriese,P,35,Andriese,R,R,A,ARI,109,ARI,109,0.0,0,0,5,4,4.95,U,U
CIN201909070,543376,Caleb,Joseph,C,14,Joseph,R,R,A,ARI,109,ARI,109,0.167,0,2,0,0,0.0,U,U
CIN201909070,502481,Jarrod,Dyson,CF,1,"Dyson, J",R,L,A,ARI,109,ARI,109,0.239,7,24,0,0,0.0,1,CF
CIN201909070,488671,Alex,Avila,C,31,Avila,R,L,A,ARI,109,ARI,109,0.217,9,24,0,0,0.0,U,U
CIN201909070,518618,Derek,Dietrich,2B,22,Dietrich,R,L,A,CIN,113,CIN,113,0.197,19,43,0,0,0.0,U,U
CIN201909070,595798,R.J.,Alaniz,P,32,Alaniz,R,R,A,CIN,113,CIN,113,0.0,0,0,0,0,9.49,U,U
CIN201909070,571466,Tucker,Barnhart,C,16,Barnhart,R,L,A,CIN,113,CIN,113,0.232,9,36,0,0,0.0,U,U
CIN201909070,621199,Matt,Bowman,P,67,Bowman,R,R,A,CIN,113,CIN,113,0.0,0,0,2,0,4.81,U,U
CIN201909070,578428,Jose,Iglesias,SS,4,"Iglesias, J",R,R,A,CIN,113,CIN,113,0.292,11,53,0,0,0.0,5,SS
CIN201909070,596112,Robert,Stephenson,P,55,Stephenson,R,R,A,CIN,113,CIN,113,0.0,0,0,3,2,3.97,U,U
CIN201909070,641816,Tyler,Mahle,P,30,Mahle,R,R,A,CIN,113,CIN,113,0.094,0,0,2,11,4.94,U,U
CIN201909070,607237,Amir,Garrett,P,50,Garrett,L,R,A,CIN,113,CIN,113,0.0,0,0,4,2,2.79,U,U
CIN201909070,640447,Phillip,Ervin,RF,6,Ervin,R,R,A,CIN,113,CIN,113,0.282,6,18,0,0,0.0,1,CF
CIN201909070,592332,Kevin,Gausman,P,46,Gausman,R,L,A,CIN,113,CIN,113,0.037,0,0,3,8,5.84,9,P
CIN201909070,607219,Sal,Romano,P,47,"Romano, S",R,L,A,CIN,113,CIN,113,0.0,0,0,0,0,10.38,U,U
CIN201909070,543101,Anthony,DeSclafani,P,28,DeSclafani,R,R,A,CIN,113,CIN,113,0.13,0,1,9,8,4.1,U,U
CIN201909070,543243,Sonny,Gray,P,54,"Gray, S",R,R,A,CIN,113,CIN,113,0.143,0,3,10,6,2.75,U,U
CIN201909070,669270,Joel,Kuhnel,P,66,Kuhnel,R,R,A,CIN,113,CIN,113,0.0,0,0,0,0,7.11,9,P
CIN201909070,657434,Brian,O'Grady,1B,34,O'Grady,R,L,A,CIN,113,CIN,113,0.167,0,0,0,0,0.0,U,U
CIN201909070,642165,Josh,VanMeter,LF,17,VanMeter,R,L,A,CIN,113,CIN,113,0.255,6,20,0,0,0.0,8,LF
CIN201909070,669222,Nick,Senzel,CF,15,Senzel,R,R,A,CIN,113,CIN,113,0.256,12,42,0,0,0.0,2,PR
CIN201909070,458015,Joey,Votto,1B,19,Votto,R,L,A,CIN,113,CIN,113,0.263,14,43,0,0,0.0,2,1B
CIN201909070,622492,Keury,Mella,P,63,Mella,R,R,A,CIN,113,CIN,113,0.0,0,0,0,0,0.0,U,U
CIN201909070,622491,Luis,Castillo,P,58,"Castillo, L",R,R,A,CIN,113,CIN,113,0.107,0,0,14,6,3.21,9,P
CIN201909070,553993,Eugenio,Suarez,3B,7,"SuÃ¡rez, E",R,R,A,CIN,113,CIN,113,0.266,42,92,0,0,0.0,3,3B
CIN201909070,608371,Lucas,Sims,P,39,Sims,R,R,A,CIN,113,CIN,113,0.0,0,0,2,1,4.93,U,U
CIN201909070,622072,Alex,Wood,P,40,"Wood, A",L,R,A,CIN,113,CIN,113,0.222,0,0,1,3,5.8,U,U
CIN201909070,628452,Raisel,Iglesias,P,26,"Iglesias, R",R,R,A,CIN,113,CIN,113,0.0,0,0,2,11,4.4,U,U
CIN201909070,606299,Jose,Peraza,2B,9,Peraza,R,R,A,CIN,113,CIN,113,0.236,6,33,0,0,0.0,U,U
CIN201909070,606157,Aristides,Aquino,RF,44,"Aquino, A",R,R,A,CIN,113,CIN,113,0.284,15,38,0,0,0.0,4,RF
CIN201909070,547179,Michael,Lorenzen,P,21,Lorenzen,R,R,A,CIN,113,CIN,113,0.3,1,4,1,4,3.13,9,PR
CIN201909070,520471,Freddy,Galvis,SS,3,Galvis,R,S,A,CIN,113,CIN,113,0.261,22,65,0,0,0.0,6,2B
CIN201909070,607468,Alex,Blandino,2B,2,Blandino,R,R,A,CIN,113,CIN,113,0.4,0,1,0,0,0.0,9,PH
CIN201909070,592200,Curt,Casali,C,12,Casali,R,R,A,CIN,113,CIN,113,0.251,7,29,0,0,0.0,7,C
CIN201909070,545333,Trevor,Bauer,P,27,Bauer,R,R,A,CIN,113,CIN,113,0.133,0,0,10,12,4.6,U,U
CIN201909070,492802,Juan,Graterol,C,68,Graterol,R,R,A,CIN,113,CIN,113,0.176,0,1,0,0,0.0,U,U
MIL201909070,640470,Adbert,Alzolay,P,73,Alzolay,R,R,A,CHC,112,CHC,112,0.0,0,0,1,1,7.3,U,U
MIL201909070,518614,Daniel,Descalso,2B,3,Descalso,R,L,A,CHC,112,CHC,112,0.18,2,15,0,0,0.0,U,U
MIL201909070,575929,Willson,Contreras,C,40,Contreras,R,R,A,CHC,112,CHC,112,0.287,21,60,0,0,0.0,U,U
MIL201909070,519203,Anthony,Rizzo,1B,44,Rizzo,L,L,A,CHC,112,CHC,112,0.289,25,87,0,0,0.0,3,1B
MIL201909070,594986,Kyle,Ryan,P,56,Ryan,L,L,A,CHC,112,CHC,112,0.0,0,0,4,2,3.0,9,P
MIL201909070,518553,Steve,Cishek,P,41,Cishek,R,R,A,CHC,112,CHC,112,0.0,0,0,3,5,3.03,9,P
MIL201909070,605170,Victor,Caratini,C,7,Caratini,R,S,A,CHC,112,CHC,112,0.268,9,29,0,0,0.0,8,C
MIL201909070,502706,Derek,Holland,P,45,"Holland, D",L,S,A,CHC,112,CHC,112,0.077,0,0,2,4,5.67,5,P
MIL201909070,592206,Nicholas,Castellanos,RF,6,Castellanos,R,R,A,CHC,112,CHC,112,0.29,24,62,0,0,0.0,2,RF
MIL201909070,664023,Ian,Happ,CF,8,"Happ, I",R,S,A,CHC,112,CHC,112,0.227,5,13,0,0,0.0,1,CF
MIL201909070,595879,Javier,Baez,SS,9,"Báez, J",R,R,A,CHC,112,CHC,112,0.281,29,85,0,0,0.0,U,U
MIL201909070,608365,Addison,Russell,2B,27,Russell,R,R,A,CHC,112,CHC,112,0.227,9,23,0,0,0.0,7,SS
MIL201909070,596825,Robel,Garcia,2B,16,"Garcia, R",R,S,A,CHC,112,CHC,112,0.21,4,8,0,0,0.0,8,PR
MIL201909070,546991,Albert,Almora,CF,5,Almora Jr.,R,R,A,CHC,112,CHC,112,0.239,12,32,0,0,0.0,1,CF
MIL201909070,467008,Pedro,Strop,P,46,Strop,R,R,A,CHC,112,CHC,112,0.0,0,0,2,5,5.56,U,U
MIL201909070,543022,Tyler,Chatwood,P,32,Chatwood,R,R,A,CHC,112,CHC,112,0.176,0,1,5,3,4.02,U,U
MIL201909070,518792,Jason,Heyward,RF,22,Heyward,L,L,A,CHC,112,CHC,112,0.248,18,49,0,0,0.0,U,U
MIL201909070,445213,Brandon,Kintzler,P,20,Kintzler,R,R,A,CHC,112,CHC,112,0.0,0,0,3,3,2.5,5,P
MIL201909070,592178,Kris,Bryant,3B,17,Bryant,R,R,A,CHC,112,CHC,112,0.279,26,64,0,0,0.0,4,3B
MIL201909070,500779,Jose,Quintana,P,62,Quintana,L,R,A,CHC,112,CHC,112,0.08,0,3,13,8,4.0,U,U
MIL201909070,506433,Yu,Darvish,P,11,Darvish,R,R,A,CHC,112,CHC,112,0.102,0,3,5,6,4.12,9,P
MIL201909070,450314,Ben,Zobrist,RF,18,Zobrist,R,S,A,CHC,112,CHC,112,0.266,0,10,0,0,0.0,9,2B
MIL201909070,452657,Jon,Lester,P,34,Lester,L,L,A,CHC,112,CHC,112,0.171,1,5,12,9,4.19,U,U
MIL201909070,543343,Danny,Hultzen,P,39,Hultzen,L,L,A,CHC,112,CHC,112,0.0,0,0,0,0,0.0,U,U
MIL201909070,656941,Kyle,Schwarber,LF,12,Schwarber,R,L,A,CHC,112,CHC,112,0.235,34,81,0,0,0.0,6,LF
MIL201909070,592858,Rowan,Wick,P,50,Wick,R,L,A,CHC,112,CHC,112,0.0,0,0,2,0,2.77,5,P
MIL201909070,643393,Tony,Kemp,CF,4,"Kemp, T",R,L,A,CHC,112,CHC,112,0.21,7,22,0,0,0.0,U,U
MIL201909070,475479,David,Phelps,P,37,Phelps,R,R,A,CHC,112,CHC,112,0.0,0,0,2,0,3.21,5,P
MIL201909070,621249,Duane,Underwood,P,51,Underwood Jr.,R,R,A,CHC,112,CHC,112,0.0,0,0,0,0,1.8,U,U
MIL201909070,518960,Jonathan,Lucroy,C,25,Lucroy,R,R,A,CHC,112,CHC,112,0.238,7,34,0,0,0.0,8,C
MIL201909070,623520,David,Bote,3B,13,Bote,R,R,A,CHC,112,CHC,112,0.263,11,41,0,0,0.0,5,2B
MIL201909070,623364,Brad,Wieck,P,38,Wieck,L,L,A,CHC,112,CHC,112,0.0,0,0,0,1,6.18,U,U
MIL201909070,543294,Kyle,Hendricks,P,28,Hendricks,R,R,A,CHC,112,CHC,112,0.178,0,4,9,9,3.39,U,U
MIL201909070,621219,Alec,Mills,P,30,Mills,R,R,A,CHC,112,CHC,112,0.125,0,0,0,0,3.98,U,U
MIL201909070,430935,Cole,Hamels,P,35,Hamels,L,L,A,CHC,112,CHC,112,0.108,0,4,7,6,3.95,U,U
MIL201909070,518735,Yasmani,Grandal,C,10,Grandal,R,S,A,MIL,158,MIL,158,0.252,25,68,0,0,0.0,2,C
MIL201909070,458006,Matt,Albers,P,43,Albers,R,L,A,MIL,158,MIL,158,0.0,0,0,5,5,5.17,U,U
MIL201909070,621438,Tyrone,Taylor,CF,12,"Taylor, T",R,R,A,MIL,158,MIL,158,0.0,0,0,0,0,0.0,9,PH
MIL201909070,519346,Eric,Thames,1B,7,Thames,R,L,A,MIL,158,MIL,158,0.258,20,54,0,0,0.0,4,1B
MIL201909070,592325,Ben,Gamel,LF,16,Gamel,L,L,A,MIL,158,MIL,158,0.254,7,31,0,0,0.0,5,LF
MIL201909070,592885,Christian,Yelich,RF,22,Yelich,R,L,A,MIL,158,MIL,158,0.329,44,97,0,0,0.0,3,RF
MIL201909070,592865,Taylor,Williams,P,54,"Williams, T",R,S,A,MIL,158,MIL,158,0.0,0,0,1,1,12.34,U,U
MIL201909070,623352,Josh,Hader,P,71,Hader,L,L,A,MIL,158,MIL,158,0.0,0,0,3,5,2.62,9,P
MIL201909070,460075,Ryan,Braun,LF,8,Braun,R,R,A,MIL,158,MIL,158,0.283,18,58,0,0,0.0,U,U
MIL201909070,444489,Manny,Pina,C,9,Piña,R,R,A,MIL,158,MIL,158,0.23,7,22,0,0,0.0,U,U
MIL201909070,519141,Drew,Pomeranz,P,15,Pomeranz,L,R,A,MIL,158,MIL,158,0.0,0,0,2,10,5.28,9,P
MIL201909070,456715,Lorenzo,Cain,CF,6,Cain,R,R,A,MIL,158,MIL,158,0.252,8,41,0,0,0.0,6,PH
MIL201909070,669203,Corbin,Burnes,P,39,Burnes,R,R,A,MIL,158,MIL,158,0.286,0,0,1,5,9.0,U,U
MIL201909070,461829,Gio,Gonzalez,P,47,"Gonzalez, G",L,R,A,MIL,158,MIL,158,0.0,0,0,2,2,3.98,9,P
MIL201909070,543768,Travis,Shaw,3B,21,"Shaw, T",R,L,A,MIL,158,MIL,158,0.158,6,13,0,0,0.0,6,3B
MIL201909070,571679,David,Freitas,C,20,Freitas,R,R,A,MIL,158,MIL,158,0.0,0,1,0,0,0.0,9,PH
MIL201909070,642547,Freddy,Peralta,P,51,"Peralta, F",R,R,A,MIL,158,MIL,158,0.143,0,1,5,3,5.54,9,P
MIL201909070,519058,Mike,Moustakas,2B,11,Moustakas,R,L,A,MIL,158,MIL,158,0.26,31,76,0,0,0.0,6,3B
MIL201909070,448855,Junior,Guerra,P,41,"Guerra, J",R,R,A,MIL,158,MIL,158,0.333,0,0,8,5,3.7,9,P
MIL201909070,607188,Jake,Faria,P,36,Faria,R,R,A,MIL,158,MIL,158,0.0,0,0,0,0,4.4,U,U
MIL201909070,605143,Ray,Black,P,50,Black,R,R,A,MIL,158,MIL,158,0.0,0,0,0,0,2.79,U,U
MIL201909070,605200,Zach,Davies,P,27,Davies,R,R,A,MIL,158,MIL,158,0.128,0,2,9,7,3.69,U,U
MIL201909070,605288,Adrian,Houser,P,37,Houser,R,R,A,MIL,158,MIL,158,0.053,0,0,6,5,3.45,U,U
MIL201909070,605486,Cory,Spangenberg,3B,5,Spangenberg,R,L,A,MIL,158,MIL,158,0.262,1,3,0,0,0.0,7,2B
MIL201909070,606115,Orlando,Arcia,SS,3,Arcia,R,R,A,MIL,158,MIL,158,0.219,14,50,0,0,0.0,8,SS
MIL201909070,641924,Jacob,Nottingham,C,26,Nottingham,R,R,A,MIL,158,MIL,158,0.4,1,4,0,0,0.0,U,U
MIL201909070,663757,Trent,Grisham,RF,2,Grisham,L,L,A,MIL,158,MIL,158,0.222,4,11,0,0,0.0,1,CF
MIL201909070,543351,Jay,Jackson,P,25,"Jackson, J",R,R,A,MIL,158,MIL,158,0.0,0,0,1,0,5.09,U,U
MIL201909070,502624,Chase,Anderson,P,57,"Anderson, Ch",R,R,A,MIL,158,MIL,158,0.029,0,1,6,4,4.58,U,U
MIL201909070,592222,Alex,Claudio,P,58,Claudio,L,L,A,MIL,158,MIL,158,0.0,0,0,2,2,3.79,U,U
MIL201909070,519076,Jimmy,Nelson,P,52,Nelson,R,R,A,MIL,158,MIL,158,0.0,0,0,0,2,7.31,U,U
MIL201909070,592122,Tyler,Austin,1B,29,Austin,R,R,A,MIL,158,MIL,158,0.19,8,20,0,0,0.0,9,PH
MIL201909070,541650,Hernan,Perez,2B,14,"Pérez, H",R,R,A,MIL,158,MIL,158,0.239,6,14,0,0,0.0,6,3B
MIL201909070,543475,Jordan,Lyles,P,23,Lyles,R,R,A,MIL,158,MIL,158,0.083,0,4,10,8,4.46,U,U
MIL201909070,608718,Brent,Suter,P,35,Suter,L,L,A,MIL,158,MIL,158,0.0,0,0,0,0,2.08,U,U
MIN201909070,622446,Jefry,Rodriguez,P,68,"Rodriguez, J",R,R,A,CLE,114,CLE,114,0.0,0,0,1,5,4.74,U,U
MIN201909070,669456,Shane,Bieber,P,57,Bieber,R,R,A,CLE,114,CLE,114,0.0,0,0,13,7,3.24,U,U
MIN201909070,475247,Ryan,Flaherty,3B,7,"Flaherty, R",R,L,A,CLE,114,CLE,114,0.0,0,0,0,0,0.0,U,U
MIN201909070,624586,James,Hoyt,P,50,Hoyt,R,R,A,CLE,114,CLE,114,0.0,0,0,0,0,0.0,U,U
MIN201909070,592644,Adam,Plutko,P,45,Plutko,R,R,A,CLE,114,CLE,114,0.0,0,0,6,4,4.44,U,U
MIN201909070,641343,Jake,Bauers,LF,10,Bauers,L,L,A,CLE,114,CLE,114,0.23,12,43,0,0,0.0,U,U
MIN201909070,644374,Yu,Chang,SS,2,Chang,R,R,A,CLE,114,CLE,114,0.229,0,3,0,0,0.0,7,PH
MIN201909070,621056,Hunter,Wood,P,54,"Wood, H",R,R,A,CLE,114,CLE,114,0.0,0,0,1,1,2.88,U,P
MIN201909070,621295,Nick,Wittgren,P,62,Wittgren,R,R,A,CLE,114,CLE,114,0.0,0,0,4,1,2.73,U,U
MIN201909070,471911,Carlos,Carrasco,P,59,Carrasco,R,R,A,CLE,114,CLE,114,0.0,0,0,4,7,5.43,U,U
MIN201909070,656185,Greg,Allen,LF,1,"Allen, G",R,S,A,CLE,114,CLE,114,0.226,4,25,0,0,0.0,9,LF
MIN201909070,608700,Kevin,Plawecki,C,27,Plawecki,R,R,A,CLE,114,CLE,114,0.218,3,16,0,0,0.0,U,U
MIN201909070,502273,Mike,Freeman,2B,6,"Freeman, M",R,L,A,CLE,114,CLE,114,0.279,4,21,0,0,0.0,7,3B
MIN201909070,656669,Jordan,Luplow,RF,8,Luplow,R,R,A,CLE,114,CLE,114,0.272,11,29,0,0,0.0,9,PH
MIN201909070,543401,Jason,Kipnis,2B,22,Kipnis,R,L,A,CLE,114,CLE,114,0.243,16,63,0,0,0.0,5,2B
MIN201909070,650644,Aaron,Civale,P,67,Civale,R,R,A,CLE,114,CLE,114,0.0,0,0,3,3,1.93,U,P
MIN201909070,580792,Nick,Goody,P,44,Goody,R,R,A,CLE,114,CLE,114,0.0,0,0,3,1,2.7,U,P
MIN201909070,424144,Oliver,Perez,P,39,"Pérez, O",L,L,A,CLE,114,CLE,114,0.0,0,0,2,2,2.95,U,P
MIN201909070,624577,Yasiel,Puig,RF,66,Puig,R,R,A,CLE,114,CLE,114,0.256,24,76,0,0,0.0,4,RF
MIN201909070,605182,Mike,Clevinger,P,52,Clevinger,R,R,A,CLE,114,CLE,114,0.0,0,0,10,2,2.71,U,U
MIN201909070,461325,Tyler,Clippard,P,36,Clippard,R,R,A,CLE,114,CLE,114,0.0,0,0,1,0,2.59,U,P
MIN201909070,596019,Francisco,Lindor,SS,12,Lindor,R,S,A,CLE,114,CLE,114,0.297,28,66,0,0,0.0,1,SS
MIN201909070,643256,Adam,Cimber,P,90,Cimber,R,R,A,CLE,114,CLE,114,0.0,0,0,5,3,4.3,U,P
MIN201909070,668676,Zach,Plesac,P,65,Plesac,R,R,A,CLE,114,CLE,114,0.0,0,0,7,6,3.98,U,U
MIN201909070,606992,Eric,Haase,C,38,Haase,R,R,A,CLE,114,CLE,114,0.0,0,0,0,0,0.0,U,U
MIN201909070,519096,Dan,Otero,P,61,Otero,R,R,A,CLE,114,CLE,114,0.0,0,0,0,0,5.06,U,U
MIN201909070,664208,Phil,Maton,P,88,Maton,R,R,A,CLE,114,CLE,114,0.25,0,1,0,0,6.68,U,U
MIN201909070,640458,Oscar,Mercado,RF,35,Mercado,R,R,A,CLE,114,CLE,114,0.271,10,39,0,0,0.0,2,CF
MIN201909070,543272,Brad,Hand,P,33,Hand,L,L,A,CLE,114,CLE,114,0.0,0,0,6,4,3.42,U,U
MIN201909070,467793,Carlos,Santana,1B,41,"Santana, C",R,S,A,CLE,114,CLE,114,0.285,32,85,0,0,0.0,3,1B
MIN201909070,547379,Roberto,Perez,C,55,"Pérez, R",R,R,A,CLE,114,CLE,114,0.228,22,55,0,0,0.0,8,C
MIN201909070,614177,Franmil,Reyes,RF,32,"Reyes, F",R,R,A,CLE,114,CLE,114,0.248,34,68,0,0,0.0,6,DH
MIN201909070,622864,Fernando,Romero,P,77,Romero,R,R,A,MIN,142,MIN,142,0.0,0,0,0,0,7.88,U,U
MIN201909070,570731,Jonathan,Schoop,2B,16,Schoop,R,R,A,MIN,142,MIN,142,0.257,21,54,0,0,0.0,9,2B
MIN201909070,593934,Miguel,Sano,3B,22,Sanó,R,R,A,MIN,142,MIN,142,0.238,27,61,0,0,0.0,5,DH
MIN201909070,501303,Ehire,Adrianza,3B,13,Adrianza,R,S,A,MIN,142,MIN,142,0.283,5,21,0,0,0.0,U,U
MIN201909070,608648,Tyler,Duffey,P,21,Duffey,R,R,A,MIN,142,MIN,142,0.0,0,0,4,1,2.55,U,P
MIN201909070,641878,Ian,Miller,CF,41,"Miller, I",R,L,A,MIN,142,MIN,142,0.0,0,0,0,0,0.0,U,U
MIN201909070,660813,Brusdar,Graterol,P,51,"Graterol, B",R,R,A,MIN,142,MIN,142,0.0,0,0,0,0,13.5,U,U
MIN201909070,543068,C.J.,Cron,1B,24,"Cron, C",R,R,A,MIN,142,MIN,142,0.255,24,76,0,0,0.0,7,1B
MIN201909070,473879,Sam,Dyson,P,49,Dyson,R,R,A,MIN,142,MIN,142,0.0,0,0,5,1,3.32,U,U
MIN201909070,657610,Trevor,Hildenberger,P,39,Hildenberger,R,R,A,MIN,142,MIN,142,0.0,0,0,2,2,8.16,U,U
MIN201909070,543507,Trevor,May,P,65,May,R,R,A,MIN,142,MIN,142,0.0,0,0,5,3,3.09,U,U
MIN201909070,543606,Jake,Odorizzi,P,12,Odorizzi,R,R,A,MIN,142,MIN,142,0.0,0,0,14,6,3.6,U,P
MIN201909070,621244,Jose,Berrios,P,17,Berríos,R,R,A,MIN,142,MIN,142,0.0,0,0,11,8,3.78,U,U
MIN201909070,664054,Cody,Stashak,P,61,Stashak,R,R,A,MIN,142,MIN,142,0.0,0,0,0,1,3.5,U,U
MIN201909070,595909,Jake,Cave,CF,60,Cave,L,L,A,MIN,142,MIN,142,0.253,7,22,0,0,0.0,U,U
MIN201909070,592696,Eddie,Rosario,LF,20,"Rosario, E",R,L,A,MIN,142,MIN,142,0.278,28,94,0,0,0.0,4,LF
MIN201909070,641598,Mitch,Garver,C,18,Garver,R,R,A,MIN,142,MIN,142,0.275,28,61,0,0,0.0,2,C
MIN201909070,607560,Ryne,Harper,P,19,"Harper, R",R,R,A,MIN,142,MIN,142,0.0,0,0,3,2,3.62,U,U
MIN201909070,640464,Kohl,Stewart,P,53,"Stewart, K",R,R,A,MIN,142,MIN,142,0.0,0,0,2,2,5.64,U,U
MIN201909070,443558,Nelson,Cruz,D,23,Cruz,R,R,A,MIN,142,MIN,142,0.305,35,92,0,0,0.0,U,U
MIN201909070,641793,Zack,Littell,P,52,Littell,R,R,A,MIN,142,MIN,142,0.0,0,0,4,0,3.21,U,P
MIN201909070,664774,LaMonte,Wade,LF,30,Wade,L,L,A,MIN,142,MIN,142,0.0,0,0,0,0,0.0,6,RF
MIN201909070,488771,Jason,Castro,C,15,"Castro, J",R,L,A,MIN,142,MIN,142,0.236,12,29,0,0,0.0,U,U
MIN201909070,573124,Taylor,Rogers,P,55,"Rogers, Ta",L,L,A,MIN,142,MIN,142,0.0,0,0,2,3,2.45,U,P
MIN201909070,656970,Devin,Smeltzer,P,31,Smeltzer,L,R,A,MIN,142,MIN,142,0.0,0,0,1,2,4.0,U,U
MIN201909070,553902,Willians,Astudillo,C,64,Astudillo,R,R,A,MIN,142,MIN,142,0.276,3,15,0,0,0.0,8,3B
MIN201909070,503556,Marwin,Gonzalez,3B,9,"Gonzalez, M",R,S,A,MIN,142,MIN,142,0.263,15,48,0,0,0.0,U,U
MIN201909070,596146,Max,Kepler,RF,26,Kepler,L,L,A,MIN,142,MIN,142,0.253,36,90,0,0,0.0,1,RF
MIN201909070,593871,Jorge,Polanco,SS,11,"Polanco, J",R,S,A,MIN,142,MIN,142,0.301,20,70,0,0,0.0,3,SS
MIN201909070,650333,Luis,Arraez,2B,2,Arraez,R,L,A,MIN,142,MIN,142,0.341,3,22,0,0,0.0,6,LF
MIN201909070,677976,Randy,Dobnak,P,68,Dobnak,R,R,A,MIN,142,MIN,142,0.0,0,0,0,0,0.0,U,U
MIN201909070,621439,Byron,Buxton,CF,25,Buxton,R,R,A,MIN,142,MIN,142,0.262,10,46,0,0,0.0,6,CF
MIN201909070,626929,Lewis,Thorpe,P,43,Thorpe,L,R,A,MIN,142,MIN,142,0.0,0,0,2,2,5.3,U,U
MIN201909070,527048,Martin,Perez,P,33,"Pérez, M",L,L,A,MIN,142,MIN,142,0.0,0,0,10,6,4.75,U,U
MIN201909070,489265,Sergio,Romo,P,54,Romo,R,R,A,MIN,142,MIN,142,0.0,0,0,2,1,3.62,U,P
SDN201909070,622786,Jesus,Tinoco,P,32,Tinoco,R,R,A,COL,115,COL,115,0.2,0,0,0,1,4.6,U,U
SDN201909070,670426,Phillip,Diehl,P,64,Diehl,L,L,A,COL,115,COL,115,0.0,0,0,0,0,18.0,U,U
SDN201909070,670329,Rico,Garcia,P,46,Garcia,R,R,A,COL,115,COL,115,0.0,0,0,0,1,10.8,U,U
SDN201909070,571448,Nolan,Arenado,3B,28,Arenado,R,R,A,COL,115,COL,115,0.311,37,108,0,0,0.0,3,3B
SDN201909070,641149,Wes,Parsons,P,18,Parsons,R,R,A,COL,115,COL,115,0.0,0,0,1,2,4.33,7,P
SDN201909070,592346,Chi Chi,Gonzalez,P,50,"Gonzalez, C",R,R,A,COL,115,COL,115,0.0,0,0,0,6,7.29,U,U
SDN201909070,602074,Yonathan,Daza,LF,31,Daza,R,R,A,COL,115,COL,115,0.203,0,2,0,0,0.0,7,CF
SDN201909070,607572,Sam,Howard,P,61,Howard,L,R,A,COL,115,COL,115,0.0,0,0,0,0,5.68,9,P
SDN201909070,545064,Jairo,Diaz,P,37,"Díaz, Ja",R,R,A,COL,115,COL,115,0.0,0,0,5,3,4.37,U,U
SDN201909070,656541,Sam,Hilliard,RF,43,Hilliard,L,L,A,COL,115,COL,115,0.2,2,5,0,0,0.0,9,CF
SDN201909070,460077,Drew,Butera,C,25,Butera,R,R,A,COL,115,COL,115,0.2,0,1,0,0,0.0,U,U
SDN201909070,596115,Trevor,Story,SS,27,Story,R,R,A,COL,115,COL,115,0.298,30,76,0,0,0.0,1,SS
SDN201909070,641857,Ryan,McMahon,2B,24,McMahon,R,L,A,COL,115,COL,115,0.261,20,76,0,0,0.0,5,1B
SDN201909070,502517,Daniel,Murphy,1B,9,"Murphy, D",R,L,A,COL,115,COL,115,0.281,13,73,0,0,0.0,7,PH
SDN201909070,641658,Garrett,Hampson,2B,1,Hampson,R,R,A,COL,115,COL,115,0.216,3,19,0,0,0.0,6,2B
SDN201909070,572021,James,Pazos,P,47,Pazos,L,R,A,COL,115,COL,115,0.0,0,0,0,0,0.0,U,U
SDN201909070,453568,Charlie,Blackmon,RF,19,Blackmon,L,L,A,COL,115,COL,115,0.317,27,76,0,0,0.0,2,RF
SDN201909070,656546,Jeff,Hoffman,P,34,Hoffman,R,R,A,COL,115,COL,115,0.176,0,1,1,6,7.06,9,P
SDN201909070,658069,Josh,Fuentes,3B,8,Fuentes,R,R,A,COL,115,COL,115,0.105,0,0,0,0,0.0,U,U
SDN201909070,543766,Bryan,Shaw,P,29,"Shaw, B",R,S,A,COL,115,COL,115,0.0,0,0,2,2,5.54,U,U
SDN201909070,459429,Jake,McGee,P,51,McGee,L,L,A,COL,115,COL,115,0.0,0,0,0,2,4.38,U,U
SDN201909070,642162,Pat,Valaika,3B,4,Valaika,R,R,A,COL,115,COL,115,0.132,1,2,0,0,0.0,U,U
SDN201909070,624513,Dom,Nunez,C,58,Nuñez,R,L,A,COL,115,COL,115,0.179,1,3,0,0,0.0,U,U
SDN201909070,451584,Wade,Davis,P,71,"Davis, W",R,R,A,COL,115,COL,115,0.0,0,0,1,6,7.02,U,U
SDN201909070,622075,Yency,Almonte,P,62,Almonte,R,S,A,COL,115,COL,115,0.0,0,0,0,1,5.86,U,U
SDN201909070,663567,Peter,Lambert,P,23,Lambert,R,R,A,COL,115,COL,115,0.32,0,2,2,6,7.19,U,U
SDN201909070,547172,Tony,Wolters,C,14,Wolters,R,L,A,COL,115,COL,115,0.271,1,36,0,0,0.0,8,C
SDN201909070,642840,Joe,Harvey,P,30,"Harvey, J",R,R,A,COL,115,COL,115,0.0,0,0,1,0,4.09,7,P
SDN201909070,608032,Carlos,Estevez,P,54,Estévez,R,R,A,COL,115,COL,115,0.0,0,0,2,2,4.06,U,U
SDN201909070,475174,Yonder,Alonso,1B,13,"Alonso, Y",R,L,A,COL,115,COL,115,0.2,10,36,0,0,0.0,7,PH
SDN201909070,606132,Raimel,Tapia,LF,15,Tapia,L,L,A,COL,115,COL,115,0.281,8,38,0,0,0.0,6,PH
SDN201909070,597113,DJ,Johnson,P,63,Johnson,R,L,A,COL,115,COL,115,0.0,0,0,0,1,6.61,U,U
SDN201909070,543532,Tim,Melville,P,38,Melville,R,R,A,COL,115,COL,115,0.25,0,2,2,1,3.66,U,U
SDN201909070,622608,Antonio,Senzatela,P,49,Senzatela,R,R,A,COL,115,COL,115,0.0,0,1,8,10,7.19,U,U
SDN201909070,435622,Ian,Desmond,CF,20,Desmond,R,R,A,COL,115,COL,115,0.259,16,60,0,0,0.0,4,LF
SDN201909070,642770,Javy,Guerra,P,8,Guerra,R,L,A,SD,135,SD,135,0.0,0,0,0,0,54.0,U,U
SDN201909070,647304,Josh,Naylor,RF,22,Naylor,L,L,A,SD,135,SD,135,0.251,7,29,0,0,0.0,6,RF
SDN201909070,676606,Nick,Margevicius,P,25,Margevicius,L,L,A,SD,135,SD,135,0.2,0,0,2,6,6.55,U,U
SDN201909070,622103,Gerardo,Reyes,P,64,"Reyes, Ger",R,R,A,SD,135,SD,135,0.0,0,0,4,0,11.25,U,U
SDN201909070,649966,Luis,Urias,2B,9,Urías,R,R,A,SD,135,SD,135,0.183,2,14,0,0,0.0,8,SS
SDN201909070,595978,Austin,Hedges,C,18,Hedges,R,R,A,SD,135,SD,135,0.189,10,34,0,0,0.0,7,C
SDN201909070,642233,Eric,Yardley,P,54,Yardley,R,R,A,SD,135,SD,135,0.0,0,0,0,1,9.0,U,U
SDN201909070,594824,Greg,Garcia,2B,5,"Garcia, G",R,L,A,SD,135,SD,135,0.252,4,29,0,0,0.0,1,2B
SDN201909070,592669,Hunter,Renfroe,LF,10,Renfroe,R,R,A,SD,135,SD,135,0.222,31,62,0,0,0.0,6,RF
SDN201909070,489334,Craig,Stammen,P,34,Stammen,R,R,A,SD,135,SD,135,0.0,0,0,7,7,3.54,2,P
SDN201909070,664119,Austin,Allen,C,62,"Allen, A",R,L,A,SD,135,SD,135,0.241,0,3,0,0,0.0,U,U
SDN201909070,572362,Robbie,Erlin,P,41,Erlin,L,R,A,SD,135,SD,135,0.0,0,0,0,1,5.26,U,U
SDN201909070,641778,Eric,Lauer,P,46,Lauer,L,R,A,SD,135,SD,135,0.088,0,0,8,8,4.55,U,U
SDN201909070,615698,Cal,Quantrill,P,40,Quantrill,R,L,A,SD,135,SD,135,0.087,0,1,6,6,4.57,U,U
SDN201909070,659275,Dinelson,Lamet,P,29,Lamet,R,R,A,SD,135,SD,135,0.059,0,0,2,4,3.95,U,U
SDN201909070,592518,Manny,Machado,SS,13,Machado,R,R,A,SD,135,SD,135,0.262,29,78,0,0,0.0,3,3B
SDN201909070,622534,Manuel,Margot,CF,7,Margot,R,R,A,SD,135,SD,135,0.239,11,32,0,0,0.0,9,CF
SDN201909070,664192,Joey,Lucchesi,P,37,Lucchesi,L,L,A,SD,135,SD,135,0.068,0,1,10,7,3.84,9,P
SDN201909070,571976,Wil,Myers,LF,4,Myers,R,R,A,SD,135,SD,135,0.237,17,45,0,0,0.0,5,LF
SDN201909070,621381,Matt,Strahm,P,55,Strahm,L,R,A,SD,135,SD,135,0.286,0,1,5,8,4.84,U,U
SDN201909070,662253,Andres,Munoz,P,52,Munoz,R,R,A,SD,135,SD,135,0.0,0,0,1,1,1.69,2,P
SDN201909070,664034,Ty,France,3B,11,France,R,R,A,SD,135,SD,135,0.224,5,19,0,0,0.0,2,PH
SDN201909070,608671,Travis,Jankowski,RF,16,Jankowski,R,L,A,SD,135,SD,135,0.143,0,0,0,0,0.0,2,RF
SDN201909070,605361,Nick,Martini,LF,2,Martini,L,L,A,SD,135,SD,135,0.278,1,3,0,0,0.0,2,LF
SDN201909070,606131,Luis,Perdomo,P,61,Perdomo,R,R,A,SD,135,SD,135,0.143,0,1,2,3,3.43,U,U
SDN201909070,489446,Kirby,Yates,P,39,Yates,R,L,A,SD,135,SD,135,0.0,0,0,0,5,1.27,6,P
SDN201909070,670280,David,Bednar,P,67,Bednar,R,L,A,SD,135,SD,135,0.0,0,0,0,0,0.0,U,U
SDN201909070,623180,Seth,Mejias-Brean,3B,24,Mejias-Brean,R,R,A,SD,135,SD,135,0.0,0,0,0,0,0.0,U,U
SDN201909070,663978,Chris,Paddack,P,59,Paddack,R,R,A,SD,135,SD,135,0.105,0,2,8,7,3.54,U,U
SDN201909070,671790,Ronald,Bolanos,P,57,Bolaños,R,R,A,SD,135,SD,135,0.0,0,0,0,1,3.0,U,U
SDN201909070,543333,Eric,Hosmer,1B,30,Hosmer,L,L,A,SD,135,SD,135,0.282,20,92,0,0,0.0,4,1B
SDN201909070,673258,Michel,Baez,P,49,Baez,R,R,A,SD,135,SD,135,0.0,0,0,0,1,2.75,U,U
OAK201909070,664180,Matt,Hall,P,64,Hall,L,L,A,DET,116,DET,116,0.0,0,0,0,1,8.1,U,P
OAK201909070,621514,Christin,Stewart,LF,14,"Stewart, C",R,L,A,DET,116,DET,116,0.238,8,36,0,0,0.0,4,LF
OAK201909070,641302,Tyler,Alexander,P,70,Alexander,L,R,A,DET,116,DET,116,0.0,0,0,0,3,5.5,U,U
OAK201909070,493596,Gordon,Beckham,SS,29,"Beckham, G",R,R,A,DET,116,DET,116,0.219,5,14,0,0,0.0,U,U
OAK201909070,622682,Victor,Reyes,LF,22,"Reyes, V",R,S,A,DET,116,DET,116,0.311,1,15,0,0,0.0,U,U
OAK201909070,642397,Gregory,Soto,P,65,Soto,L,L,A,DET,116,DET,116,1.0,0,0,0,5,5.9,U,U
OAK201909070,500135,Ronny,Rodriguez,SS,60,"Rodriguez, Ro",R,R,A,DET,116,DET,116,0.221,13,40,0,0,0.0,5,2B
OAK201909070,596057,Daniel,Norris,P,44,"Norris, Da",L,L,A,DET,116,DET,116,0.167,0,0,3,11,4.76,U,U
OAK201909070,605612,Harold,Castro,3B,30,"Castro, H",R,L,A,DET,116,DET,116,0.289,4,36,0,0,0.0,1,CF
OAK201909070,605513,Spencer,Turnbull,P,56,Turnbull,R,R,A,DET,116,DET,116,0.0,0,0,3,14,4.68,U,U
OAK201909070,474568,Jordy,Mercer,SS,7,Mercer,R,R,A,DET,116,DET,116,0.272,8,16,0,0,0.0,U,U
OAK201909070,606988,Grayson,Greiner,C,17,Greiner,R,R,A,DET,116,DET,116,0.179,5,15,0,0,0.0,U,U
OAK201909070,643617,Zac,Reininger,P,26,Reininger,R,S,A,DET,116,DET,116,0.0,0,0,0,2,8.61,U,P
OAK201909070,650489,Willi,Castro,SS,49,"Castro, W",R,S,A,DET,116,DET,116,0.189,0,5,0,0,0.0,9,SS
OAK201909070,600869,Jeimer,Candelario,3B,46,Candelario,R,S,A,DET,116,DET,116,0.197,7,24,0,0,0.0,U,U
OAK201909070,543308,John,Hicks,C,55,"Hicks, J",R,R,A,DET,116,DET,116,0.213,11,27,0,0,0.0,4,1B
OAK201909070,668670,Jake,Rogers,C,34,Rogers,R,R,A,DET,116,DET,116,0.102,4,8,0,0,0.0,8,C
OAK201909070,641513,Travis,Demeritte,LF,50,Demeritte,R,R,A,DET,116,DET,116,0.239,2,8,0,0,0.0,7,RF
OAK201909070,641853,David,McKay,P,62,McKay,R,R,A,DET,116,DET,116,0.0,0,0,0,0,5.4,U,U
OAK201909070,519455,Jordan,Zimmermann,P,27,Zimmermann,R,R,A,DET,116,DET,116,0.0,0,0,1,10,6.27,U,P
OAK201909070,408234,Miguel,Cabrera,1B,24,Cabrera,R,R,A,DET,116,DET,116,0.289,10,53,0,0,0.0,3,DH
OAK201909070,429719,Edwin,Jackson,P,19,"Jackson, E",R,R,A,DET,116,DET,116,0.0,0,0,3,9,9.16,U,U
OAK201909070,571510,Matthew,Boyd,P,48,Boyd,L,L,A,DET,116,DET,116,0.5,0,0,8,10,4.57,U,U
OAK201909070,621385,Daniel,Stumpf,P,68,Stumpf,L,L,A,DET,116,DET,116,0.0,0,0,1,1,4.18,U,U
OAK201909070,608475,Dawel,Lugo,3B,18,"Lugo, D",R,R,A,DET,116,DET,116,0.25,4,21,0,0,0.0,6,3B
OAK201909070,572403,Drew,VerHagen,P,54,VerHagen,R,R,A,DET,116,DET,116,0.0,0,0,4,2,5.52,U,U
OAK201909070,571656,Buck,Farmer,P,45,Farmer,R,L,A,DET,116,DET,116,0.0,0,0,5,6,4.34,U,U
OAK201909070,641729,Joe,Jimenez,P,77,"JimÃ©nez, J",R,R,A,DET,116,DET,116,0.0,0,0,3,7,4.78,U,U
OAK201909070,641525,Brandon,Dixon,1B,12,Dixon,R,R,A,DET,116,DET,116,0.247,15,48,0,0,0.0,2,LF
OAK201909070,542585,Jose,Cisnero,P,67,Cisnero,R,R,A,DET,116,DET,116,0.0,0,0,0,3,3.72,U,U
OAK201909070,650530,Bryan,Garcia,P,33,"Garcia, B",R,R,A,DET,116,DET,116,0.0,0,0,0,0,4.5,U,U
OAK201909070,598286,Nick,Ramirez,P,63,"Ramirez, N",L,L,A,DET,116,DET,116,0.0,0,0,5,4,4.29,U,U
OAK201909070,670167,John,Schreiber,P,71,Schreiber,R,R,A,DET,116,DET,116,0.0,0,0,1,0,9.64,U,U
OAK201909070,518617,Jake,Diekman,P,35,Diekman,L,L,A,OAK,133,OAK,133,0.0,0,0,1,7,4.98,U,U
OAK201909070,621112,Paul,Blackburn,P,58,Blackburn,R,R,A,OAK,133,OAK,133,0.0,0,0,0,2,13.5,U,U
OAK201909070,642152,Lou,Trivino,P,62,Trivino,R,R,A,OAK,133,OAK,133,0.0,0,0,4,6,5.43,U,U
OAK201909070,456701,Homer,Bailey,P,15,Bailey,R,R,A,OAK,133,OAK,133,0.4,0,1,12,8,4.87,U,U
OAK201909070,640455,Sean,Manaea,P,55,Manaea,L,R,A,OAK,133,OAK,133,0.0,0,0,0,0,0.0,U,U
OAK201909070,595777,Jurickson,Profar,2B,23,Profar,R,S,A,OAK,133,OAK,133,0.22,20,65,0,0,0.0,8,2B
OAK201909070,465657,Joakim,Soria,P,48,Soria,R,R,A,OAK,133,OAK,133,0.0,0,0,1,4,4.64,U,U
OAK201909070,571666,Mike,Fiers,P,50,Fiers,R,R,A,OAK,133,OAK,133,0.0,0,0,14,3,3.51,U,U
OAK201909070,521230,Liam,Hendriks,P,16,Hendriks,R,R,A,OAK,133,OAK,133,0.0,0,0,4,2,1.67,U,U
OAK201909070,605135,Chris,Bassitt,P,40,Bassitt,R,R,A,OAK,133,OAK,133,0.0,0,0,10,5,3.64,U,P
OAK201909070,641914,Sheldon,Neuse,3B,64,Neuse,R,R,A,OAK,133,OAK,133,0.167,0,2,0,0,0.0,U,U
OAK201909070,664913,Seth,Brown,1B,65,Brown,L,L,A,OAK,133,OAK,133,0.417,0,9,0,0,0.0,6,LF
OAK201909070,620439,Franklin,Barreto,2B,1,Barreto,R,R,A,OAK,133,OAK,133,0.106,2,4,0,0,0.0,U,U
OAK201909070,656305,Matt,Chapman,3B,26,"Chapman, M",R,R,A,OAK,133,OAK,133,0.256,32,80,0,0,0.0,3,3B
OAK201909070,543760,Marcus,Semien,SS,10,Semien,R,R,A,OAK,133,OAK,133,0.275,26,77,0,0,0.0,1,SS
OAK201909070,657656,Ramon,Laureano,CF,22,Laureano,R,R,A,OAK,133,OAK,133,0.284,21,59,0,0,0.0,7,CF
OAK201909070,592192,Mark,Canha,1B,20,Canha,R,R,A,OAK,133,OAK,133,0.266,23,51,0,0,0.0,5,DH
OAK201909070,501981,Khris,Davis,LF,2,"Davis, K",R,R,A,OAK,133,OAK,133,0.215,19,60,0,0,0.0,U,U
OAK201909070,543302,Chris,Herrmann,C,5,Herrmann,R,L,A,OAK,133,OAK,133,0.195,1,8,0,0,0.0,U,U
OAK201909070,621566,Matt,Olson,1B,28,Olson,R,L,A,OAK,133,OAK,133,0.275,29,73,0,0,0.0,4,1B
OAK201909070,474463,Brett,Anderson,P,30,"Anderson, B",L,L,A,OAK,133,OAK,133,0.5,0,0,11,9,4.08,U,U
OAK201909070,669221,Sean,Murphy,C,12,"Murphy, S",R,R,A,OAK,133,OAK,133,0.222,1,2,0,0,0.0,9,C
OAK201909070,488748,Ryan,Buchter,P,52,Buchter,L,L,A,OAK,133,OAK,133,0.0,0,0,0,1,2.97,U,P
OAK201909070,640461,Chad,Pinder,LF,18,Pinder,R,R,A,OAK,133,OAK,133,0.234,12,43,0,0,0.0,7,CF
OAK201909070,640462,A.J.,Puk,P,31,Puk,L,L,A,OAK,133,OAK,133,0.0,0,0,1,0,3.38,U,P
OAK201909070,572033,Josh,Phegley,C,19,Phegley,R,R,A,OAK,133,OAK,133,0.247,11,57,0,0,0.0,U,U
OAK201909070,595014,Blake,Treinen,P,39,Treinen,R,R,A,OAK,133,OAK,133,0.0,0,0,6,5,4.71,U,P
OAK201909070,543257,Robbie,Grossman,LF,8,Grossman,L,S,A,OAK,133,OAK,133,0.248,6,36,0,0,0.0,2,RF
OAK201909070,605525,J.B.,Wendelken,P,57,Wendelken,R,R,A,OAK,133,OAK,133,0.0,0,0,1,1,4.23,U,U
OAK201909070,433589,Yusmeiro,Petit,P,36,Petit,R,R,A,OAK,133,OAK,133,0.0,0,0,5,3,2.82,U,U
OAK201909070,543699,Tanner,Roark,P,60,Roark,R,R,A,OAK,133,OAK,133,0.152,1,2,9,8,3.86,U,U
MIA201909070,621433,Brett,Phillips,RF,14,Phillips,R,L,A,KC,118,KC,118,0.175,1,4,0,0,0.0,3,CF
MIA201909070,642098,Glenn,Sparkman,P,57,Sparkman,R,R,A,KC,118,KC,118,0.0,0,0,3,11,5.97,U,U
MIA201909070,453178,Ian,Kennedy,P,31,Kennedy,R,R,A,KC,118,KC,118,0.0,0,0,2,2,3.45,U,U
MIA201909070,624585,Jorge,Soler,RF,12,Soler,R,R,A,KC,118,KC,118,0.253,41,102,0,0,0.0,3,RF
MIA201909070,625510,Erick,Mejia,2B,26,"Mejia, E",R,S,A,KC,118,KC,118,0.0,0,0,0,0,0.0,U,U
MIA201909070,605490,Bubba,Starling,CF,11,Starling,R,R,A,KC,118,KC,118,0.208,3,9,0,0,0.0,8,RF
MIA201909070,650619,Meibrys,Viloria,C,72,Viloria,R,L,A,KC,118,KC,118,0.237,1,11,0,0,0.0,U,U
MIA201909070,605130,Scott,Barlow,P,58,Barlow,R,R,A,KC,118,KC,118,0.0,0,0,3,3,4.6,U,U
MIA201909070,518633,Danny,Duffy,P,41,"Duffy, D",L,L,A,KC,118,KC,118,0.25,0,0,6,6,4.71,9,P
MIA201909070,595956,Cam,Gallagher,C,36,Gallagher,R,R,A,KC,118,KC,118,0.238,3,12,0,0,0.0,U,U
MIA201909070,609275,Adalberto,Mondesi,SS,27,Mondesi,R,S,A,KC,118,KC,118,0.265,7,54,0,0,0.0,2,SS
MIA201909070,641838,Kevin,McCarthy,P,61,McCarthy,R,R,A,KC,118,KC,118,0.0,0,0,3,2,5.07,U,U
MIA201909070,607215,Eric,Skoglund,P,53,Skoglund,L,L,A,KC,118,KC,118,0.0,0,0,0,1,8.0,U,U
MIA201909070,670032,Nicky,Lopez,2B,1,"Lopez, N",R,L,A,KC,118,KC,118,0.231,2,25,0,0,0.0,U,U
MIA201909070,657612,Tim,Hill,P,54,"Hill, T",L,R,A,KC,118,KC,118,0.0,0,0,2,0,3.86,9,P
MIA201909070,593160,Whit,Merrifield,2B,15,Merrifield,R,R,A,KC,118,KC,118,0.306,16,72,0,0,0.0,1,2B
MIA201909070,641571,Heath,Fillmyer,P,49,Fillmyer,R,R,A,KC,118,KC,118,0.0,0,0,0,1,7.94,9,P
MIA201909070,534910,Jesse,Hahn,P,32,Hahn,R,R,A,KC,118,KC,118,0.0,0,0,0,0,0.0,U,U
MIA201909070,622251,Josh,Staumont,P,63,Staumont,R,R,A,KC,118,KC,118,0.0,0,0,0,0,4.41,U,U
MIA201909070,643436,Ryan,McBroom,1B,9,McBroom,L,R,A,KC,118,KC,118,0.375,0,4,0,0,0.0,6,1B
MIA201909070,641531,Hunter,Dozier,3B,17,"Dozier, H",R,R,A,KC,118,KC,118,0.29,25,79,0,0,0.0,4,3B
MIA201909070,642100,Gabe,Speier,P,67,Speier,L,L,A,KC,118,KC,118,0.0,0,0,0,0,0.0,U,U
MIA201909070,596144,Cheslor,Cuthbert,3B,19,Cuthbert,R,R,A,KC,118,KC,118,0.246,8,35,0,0,0.0,9,PH
MIA201909070,664926,Nick,Dini,C,33,Dini,R,R,A,KC,118,KC,118,0.176,1,2,0,0,0.0,7,C
MIA201909070,596001,Jakob,Junis,P,65,Junis,R,R,A,KC,118,KC,118,0.0,0,0,9,12,4.94,U,U
MIA201909070,460086,Alex,Gordon,LF,4,"Gordon, A",R,L,A,KC,118,KC,118,0.262,12,68,0,0,0.0,5,LF
MIA201909070,606930,Jacob,Barnes,P,50,"Barnes, J",R,R,A,KC,118,KC,118,0.0,0,0,1,2,7.24,9,P
MIA201909070,622092,Kyle,Zimmer,P,45,Zimmer,R,R,A,KC,118,KC,118,0.0,0,0,0,1,10.38,U,U
MIA201909070,605347,Jorge,Lopez,P,28,"López, Jo",R,R,A,KC,118,KC,118,0.0,0,0,3,7,6.23,U,U
MIA201909070,641745,Brad,Keller,P,56,Keller,R,R,A,KC,118,KC,118,0.125,0,1,7,14,4.19,U,U
MIA201909070,656811,Ryan,O'Hearn,1B,66,O'Hearn,L,L,A,KC,118,KC,118,0.189,11,29,0,0,0.0,9,PH
MIA201909070,543557,Mike,Montgomery,P,21,Montgomery,L,L,A,KC,118,KC,118,0.2,0,0,3,7,4.42,U,U
MIA201909070,600858,Humberto,Arteaga,3B,2,Arteaga,R,R,A,KC,118,KC,118,0.183,0,4,0,0,0.0,U,U
MIA201909070,643265,Garrett,Cooper,RF,26,Cooper,R,R,A,MIA,146,MIA,146,0.276,14,49,0,0,0.0,4,1B
MIA201909070,592407,Bryan,Holaday,C,28,Holaday,R,R,A,MIA,146,MIA,146,0.28,3,10,0,0,0.0,U,U
MIA201909070,667498,Robert,Dugger,P,64,Dugger,R,R,A,MIA,146,MIA,146,0.0,0,0,0,1,4.0,U,U
MIA201909070,623912,Harold,Ramirez,CF,47,"Ramirez, H",R,R,A,MIA,146,MIA,146,0.269,10,44,0,0,0.0,6,RF
MIA201909070,645261,Sandy,Alcantara,P,22,Alcantara,R,R,A,MIA,146,MIA,146,0.109,0,4,4,12,4.26,U,U
MIA201909070,594027,Tayron,Guerrero,P,56,Guerrero,R,R,A,MIA,146,MIA,146,0.0,0,0,1,1,5.83,7,P
MIA201909070,516770,Starlin,Castro,2B,13,"Castro, S",R,R,A,MIA,146,MIA,146,0.269,17,74,0,0,0.0,3,3B
MIA201909070,621573,Austin,Dean,LF,44,Dean,R,R,A,MIA,146,MIA,146,0.2,3,13,0,0,0.0,7,LF
MIA201909070,570632,Jose,Urena,P,62,Ureña,R,R,A,MIA,146,MIA,146,0.0,0,0,4,8,4.93,U,U
MIA201909070,664918,Kyle,Keller,P,72,"Keller, K",R,R,A,MIA,146,MIA,146,0.0,0,0,0,0,5.68,U,U
MIA201909070,606424,Jarlin,Garcia,P,66,"García, J",L,L,A,MIA,146,MIA,146,0.0,0,0,2,1,2.91,U,U
MIA201909070,572383,Brian,Moran,P,63,Moran,L,L,A,MIA,146,MIA,146,0.0,0,0,1,0,0.0,7,P
MIA201909070,543045,Adam,Conley,P,61,Conley,L,L,A,MIA,146,MIA,146,0.0,0,0,2,8,6.79,9,P
MIA201909070,542932,Jon,Berti,3B,55,Berti,R,R,A,MIA,146,MIA,146,0.263,6,17,0,0,0.0,1,LF
MIA201909070,621446,Lewis,Brinson,CF,9,Brinson,R,R,A,MIA,146,MIA,146,0.179,0,10,0,0,0.0,8,CF
MIA201909070,641755,Tyler,Kinley,P,39,Kinley,R,R,A,MIA,146,MIA,146,0.0,0,0,3,1,3.95,U,U
MIA201909070,592773,Ryne,Stanek,P,35,Stanek,R,R,A,MIA,146,MIA,146,0.0,0,0,0,4,4.3,7,P
MIA201909070,642423,Magneuris,Sierra,CF,34,Sierra,L,L,A,MIA,146,MIA,146,0.308,0,0,0,0,0.0,U,U
MIA201909070,623168,Tyler,Heineman,C,51,Heineman,R,S,A,MIA,146,MIA,146,0.0,0,0,0,0,0.0,U,U
MIA201909070,622694,Elieser,Hernandez,P,57,"Hernandez, E",R,R,A,MIA,146,MIA,146,0.059,0,0,3,5,5.23,U,U
MIA201909070,641154,Pablo,Lopez,P,49,"López, P",R,L,A,MIA,146,MIA,146,0.207,0,3,5,8,4.75,U,U
MIA201909070,456051,Hector,Noesi,P,48,Noesi,R,R,A,MIA,146,MIA,146,0.25,0,0,0,3,10.23,7,P
MIA201909070,445988,Martin,Prado,1B,14,Prado,R,R,A,MIA,146,MIA,146,0.233,1,14,0,0,0.0,7,PH
MIA201909070,500743,Miguel,Rojas,SS,19,Rojas,R,R,A,MIA,146,MIA,146,0.281,5,34,0,0,0.0,2,SS
MIA201909070,656371,Isan,Diaz,2B,1,"Diaz, I",R,L,A,MIA,146,MIA,146,0.147,2,11,0,0,0.0,9,2B
MIA201909070,592761,Caleb,Smith,P,31,"Smith, Ca",L,R,A,MIA,146,MIA,146,0.237,0,3,8,9,4.11,9,P
MIA201909070,595751,Jorge,Alfaro,C,38,Alfaro,R,R,A,MIA,146,MIA,146,0.274,14,46,0,0,0.0,5,C
MIA201909070,612672,Wei-Yin,Chen,P,20,"Chen, W",L,R,A,MIA,146,MIA,146,0.0,0,0,0,1,6.86,U,U
MIA201909070,434158,Curtis,Granderson,LF,21,Granderson,R,L,A,MIA,146,MIA,146,0.187,11,33,0,0,0.0,7,PH
MIA201909070,435522,Neil,Walker,1B,18,Walker,R,S,A,MIA,146,MIA,146,0.264,6,32,0,0,0.0,U,U
MIA201909070,650671,Jose,Quijada,P,74,Quijada,L,L,A,MIA,146,MIA,146,0.0,0,0,2,3,5.33,U,U
MIA201909070,656257,Jeff,Brigham,P,43,Brigham,R,R,A,MIA,146,MIA,146,0.0,0,0,2,2,5.46,U,U
BOS201909070,641482,Nestor,Cortes Jr.,P,67,Cortes Jr.,L,R,A,NYY,147,NYY,147,0.0,0,0,5,0,5.13,U,U
BOS201909070,429665,Edwin,Encarnacion,1B,30,Encarnación,R,R,A,NYY,147,NYY,147,0.239,32,81,0,0,0.0,5,DH
BOS201909070,518715,Cory,Gearrin,P,35,Gearrin,R,R,A,NYY,147,NYY,147,0.0,0,0,1,2,4.1,U,U
BOS201909070,518934,DJ,LeMahieu,2B,26,LeMahieu,R,R,A,NYY,147,NYY,147,0.328,24,90,0,0,0.0,1,3B
BOS201909070,645801,Mike,Ford,1B,36,Ford,R,L,A,NYY,147,NYY,147,0.231,10,16,0,0,0.0,U,U
BOS201909070,544928,Tyler,Lyons,P,70,Lyons,L,L,A,NYY,147,NYY,147,0.0,0,0,1,1,9.0,U,U
BOS201909070,593334,Domingo,German,P,55,Germán,R,R,A,NYY,147,NYY,147,0.0,0,0,17,4,4.21,U,U
BOS201909070,519222,Austin,Romine,C,28,Romine,R,R,A,NYY,147,NYY,147,0.267,6,32,0,0,0.0,U,U
BOS201909070,643565,Mike,Tauchman,CF,39,Tauchman,L,L,A,NYY,147,NYY,147,0.271,12,45,0,0,0.0,9,LF
BOS201909070,623430,Ryan,Dull,P,73,Dull,R,R,A,NYY,147,NYY,147,0.0,0,0,0,0,13.5,U,U
BOS201909070,493603,Adam,Ottavino,P,0,Ottavino,R,S,A,NYY,147,NYY,147,0.0,0,0,6,4,1.64,U,P
BOS201909070,664856,Chance,Adams,P,72,"Adams, C",R,R,A,NYY,147,NYY,147,0.0,0,0,1,0,7.23,U,U
BOS201909070,640449,Clint,Frazier,RF,77,"Frazier, C",R,R,A,NYY,147,NYY,147,0.274,11,34,0,0,0.0,U,U
BOS201909070,592450,Aaron,Judge,RF,99,Judge,R,R,A,NYY,147,NYY,147,0.267,20,45,0,0,0.0,2,RF
BOS201909070,642528,Jonathan,Loaisiga,P,43,Loaisiga,R,R,A,NYY,147,NYY,147,0.0,0,0,1,1,4.84,U,U
BOS201909070,572020,James,Paxton,P,65,Paxton,L,L,A,NYY,147,NYY,147,0.0,0,1,12,6,4.16,U,U
BOS201909070,502154,Zack,Britton,P,53,Britton,L,L,A,NYY,147,NYY,147,0.0,0,0,3,1,2.09,U,P
BOS201909070,547888,Masahiro,Tanaka,P,19,Tanaka,R,R,A,NYY,147,NYY,147,0.0,0,0,10,8,4.42,U,U
BOS201909070,457727,Cameron,Maybin,LF,38,Maybin,R,R,A,NYY,147,NYY,147,0.291,8,26,0,0,0.0,U,U
BOS201909070,650402,Gleyber,Torres,SS,25,Torres,R,R,A,NYY,147,NYY,147,0.283,34,79,0,0,0.0,6,2B
BOS201909070,458731,Brett,Gardner,CF,11,Gardner,L,L,A,NYY,147,NYY,147,0.251,21,58,0,0,0.0,7,CF
BOS201909070,642180,Tyler,Wade,SS,14,Wade,R,L,A,NYY,147,NYY,147,0.227,1,6,0,0,0.0,U,U
BOS201909070,643338,Chad,Green,P,57,Green,R,L,A,NYY,147,NYY,147,0.0,0,0,2,4,4.84,U,U
BOS201909070,592454,Tommy,Kahnle,P,48,Kahnle,R,R,A,NYY,147,NYY,147,0.0,0,0,3,1,3.09,U,P
BOS201909070,570666,Luis,Cessa,P,85,Cessa,R,R,A,NYY,147,NYY,147,0.0,0,0,2,1,3.82,U,U
BOS201909070,572228,Luke,Voit,1B,45,Voit,R,R,A,NYY,147,NYY,147,0.274,19,54,0,0,0.0,8,1B
BOS201909070,596142,Gary,Sanchez,C,24,"Sánchez, G",R,R,A,NYY,147,NYY,147,0.237,34,76,0,0,0.0,4,C
BOS201909070,457918,J.A.,Happ,P,34,"Happ, J",L,L,A,NYY,147,NYY,147,0.0,0,0,12,8,5.1,U,P
BOS201909070,547973,Aroldis,Chapman,P,54,"Chapman, A",L,L,A,NYY,147,NYY,147,0.0,0,0,3,2,2.35,U,P
BOS201909070,544369,Didi,Gregorius,SS,18,Gregorius,R,L,A,NYY,147,NYY,147,0.252,14,50,0,0,0.0,3,SS
BOS201909070,664042,Travis,Lakins,P,56,Lakins,R,R,A,BOS,111,BOS,111,0.0,0,0,0,1,4.15,U,P
BOS201909070,593958,Eduardo,Rodriguez,P,57,"Rodriguez, E",L,L,A,BOS,111,BOS,111,0.0,0,0,17,5,3.81,U,U
BOS201909070,519048,Mitch,Moreland,1B,18,Moreland,L,L,A,BOS,111,BOS,111,0.249,15,49,0,0,0.0,7,1B
BOS201909070,519443,Brandon,Workman,P,44,Workman,R,R,A,BOS,111,BOS,111,0.0,0,0,9,1,2.14,U,U
BOS201909070,571788,Brock,Holt,2B,12,Holt,R,L,A,BOS,111,BOS,111,0.313,3,29,0,0,0.0,9,2B
BOS201909070,605155,Colten,Brewer,P,54,Brewer,R,R,A,BOS,111,BOS,111,0.0,0,0,1,2,4.53,U,P
BOS201909070,595001,Josh A.,Smith,P,67,"Smith, J",R,R,A,BOS,111,BOS,111,0.0,0,0,0,2,5.67,U,P
BOS201909070,650382,Darwinzon,Hernandez,P,63,"Hernandez, D",L,L,A,BOS,111,BOS,111,0.0,0,0,0,1,2.83,U,U
BOS201909070,607752,Sam,Travis,1B,59,Travis,R,R,A,BOS,111,BOS,111,0.231,6,15,0,0,0.0,8,DH
BOS201909070,519144,Rick,Porcello,P,22,Porcello,R,R,A,BOS,111,BOS,111,0.0,0,0,12,11,5.63,U,U
BOS201909070,657031,Josh,Taylor,P,72,"Taylor, J",L,L,A,BOS,111,BOS,111,0.0,0,0,1,1,2.93,U,U
BOS201909070,598271,Brian,Johnson,P,61,"Johnson, B",L,L,A,BOS,111,BOS,111,0.0,0,0,1,3,6.42,U,U
BOS201909070,596074,Bobby,Poyner,P,66,Poyner,L,L,A,BOS,111,BOS,111,0.0,0,0,0,0,10.5,U,P
BOS201909070,502110,J.D.,Martinez,LF,28,"Martinez, J",R,R,A,BOS,111,BOS,111,0.31,35,94,0,0,0.0,4,RF
BOS201909070,665001,Trevor,Kelley,P,71,Kelley,R,R,A,BOS,111,BOS,111,0.0,0,0,0,0,13.5,U,P
BOS201909070,543901,Ryan,Weber,P,65,Weber,R,R,A,BOS,111,BOS,111,0.0,0,0,2,3,4.33,U,P
BOS201909070,488768,Andrew,Cashner,P,48,Cashner,R,R,A,BOS,111,BOS,111,0.0,0,0,11,8,4.59,U,U
BOS201909070,646240,Rafael,Devers,3B,11,Devers,R,L,A,BOS,111,BOS,111,0.314,29,107,0,0,0.0,3,3B
BOS201909070,643217,Andrew,Benintendi,LF,16,Benintendi,L,L,A,BOS,111,BOS,111,0.276,13,66,0,0,0.0,5,LF
BOS201909070,518542,Juan,Centeno,C,68,Centeno,R,L,A,BOS,111,BOS,111,0.0,0,0,0,0,0.0,U,U
BOS201909070,456034,David,Price,P,10,Price,L,L,A,BOS,111,BOS,111,0.5,0,1,7,5,4.28,U,U
BOS201909070,593523,Marco,Hernandez,3B,40,"Hernandez, M",R,L,A,BOS,111,BOS,111,0.311,2,8,0,0,0.0,8,DH
BOS201909070,605141,Mookie,Betts,RF,50,Betts,R,R,A,BOS,111,BOS,111,0.29,26,76,0,0,0.0,1,CF
BOS201909070,584171,Hector,Velazquez,P,76,Velázquez,R,R,A,BOS,111,BOS,111,0.0,0,0,1,4,5.58,U,P
BOS201909070,593428,Xander,Bogaerts,SS,2,Bogaerts,R,R,A,BOS,111,BOS,111,0.309,31,105,0,0,0.0,2,SS
BOS201909070,518489,Ryan,Brasier,P,70,Brasier,R,R,A,BOS,111,BOS,111,0.0,0,0,2,4,5.4,U,U
BOS201909070,572008,Chris,Owings,2B,36,Owings,R,R,A,BOS,111,BOS,111,0.126,2,11,0,0,0.0,U,U
BOS201909070,642067,Mike,Shawaryn,P,73,Shawaryn,R,R,A,BOS,111,BOS,111,0.0,0,0,0,0,7.98,U,P
BOS201909070,519393,Marcus,Walden,P,64,Walden,R,R,A,BOS,111,BOS,111,0.0,0,0,9,2,3.27,U,U
BOS201909070,468504,Jhoulys,Chacin,P,43,Chacín,R,R,A,BOS,111,BOS,111,0.125,1,1,3,10,5.66,U,U
BOS201909070,598265,Jackie,Bradley Jr.,CF,19,Bradley Jr.,R,L,A,BOS,111,BOS,111,0.219,17,51,0,0,0.0,U,U
BOS201909070,506702,Sandy,Leon,C,3,Leon,R,S,A,BOS,111,BOS,111,0.181,5,16,0,0,0.0,U,U
BOS201909070,491676,Gorkys,Hernandez,CF,47,"Hernández, G",R,R,A,BOS,111,BOS,111,0.0,0,0,0,0,0.0,U,U
BOS201909070,543135,Nathan,Eovaldi,P,17,Eovaldi,R,R,A,BOS,111,BOS,111,0.0,0,0,1,0,5.77,U,U
BOS201909070,598264,Matt,Barnes,P,32,"Barnes, M",R,R,A,BOS,111,BOS,111,0.0,0,0,4,4,4.23,U,U
BOS201909070,543877,Christian,Vazquez,C,7,Vázquez,R,R,A,BOS,111,BOS,111,0.27,19,59,0,0,0.0,6,C
NYN201909070,516416,Jean,Segura,SS,2,Segura,R,R,A,PHI,143,PHI,143,0.286,11,53,0,0,0.0,5,SS
NYN201909070,592826,Vince,Velasquez,P,21,Velasquez,R,R,A,PHI,143,PHI,143,0.24,1,3,6,7,4.8,U,U
NYN201909070,572816,Corey,Dickerson,LF,31,"Dickerson, C",R,L,A,PHI,143,PHI,143,0.307,9,53,0,0,0.0,3,LF
NYN201909070,547180,Bryce,Harper,RF,3,Harper,R,L,A,PHI,143,PHI,143,0.254,30,100,0,0,0.0,U,U
NYN201909070,453172,Jared,Hughes,P,25,Hughes,R,R,A,PHI,143,PHI,143,0.0,0,0,4,5,4.42,U,U
NYN201909070,593576,Hector,Neris,P,50,Neris,R,R,A,PHI,143,PHI,143,0.0,0,0,3,5,3.0,U,U
NYN201909070,592663,J.T.,Realmuto,C,10,Realmuto,R,R,A,PHI,143,PHI,143,0.282,23,79,0,0,0.0,2,C
NYN201909070,517369,Jose,Pirela,LF,67,Pirela,R,R,A,PHI,143,PHI,143,0.125,0,0,0,0,0.0,U,U
NYN201909070,592767,Drew,Smyly,P,18,Smyly,L,L,A,PHI,143,PHI,143,0.0,0,0,4,6,6.2,9,P
NYN201909070,664068,Scott,Kingery,CF,4,Kingery,R,R,A,PHI,143,PHI,143,0.267,17,50,0,0,0.0,7,CF
NYN201909070,608384,Nick,Williams,LF,5,"Williams, N",L,L,A,PHI,143,PHI,143,0.157,2,5,0,0,0.0,U,U
NYN201909070,596748,Maikel,Franco,3B,7,Franco,R,R,A,PHI,143,PHI,143,0.236,15,49,0,0,0.0,U,U
NYN201909070,608344,Cole,Irvin,P,47,Irvin,L,L,A,PHI,143,PHI,143,0.167,0,0,2,1,7.16,9,P
NYN201909070,658305,Edgar,Garcia,P,66,"Garcia, Ed",R,R,A,PHI,143,PHI,143,0.0,0,0,2,0,6.68,U,U
NYN201909070,595284,Andrew,Knapp,C,15,Knapp,R,S,A,PHI,143,PHI,143,0.19,1,5,0,0,0.0,U,U
NYN201909070,501625,Jose,Alvarez,P,52,Álvarez,L,L,A,PHI,143,PHI,143,0.0,0,0,3,4,3.06,U,U
NYN201909070,543543,Brad,Miller,2B,33,"Miller, B",R,L,A,PHI,143,PHI,143,0.225,6,15,0,0,0.0,6,3B
NYN201909070,543883,Nick,Vincent,P,29,Vincent,R,R,A,PHI,143,PHI,143,0.0,0,0,1,3,5.51,U,U
NYN201909070,446481,Sean,Rodriguez,SS,13,"Rodríguez, S",R,R,A,PHI,143,PHI,143,0.226,4,11,0,0,0.0,6,3B
NYN201909070,457803,Jay,Bruce,RF,23,Bruce,L,L,A,PHI,143,PHI,143,0.228,25,58,0,0,0.0,9,PH
NYN201909070,594838,Phil,Gosselin,SS,9,Gosselin,R,R,A,PHI,143,PHI,143,0.245,0,6,0,0,0.0,U,U
NYN201909070,620453,Deivy,Grullon,C,73,Grullon,R,R,A,PHI,143,PHI,143,0.0,0,0,0,0,0.0,U,U
NYN201909070,601713,Nick,Pivetta,P,43,Pivetta,R,R,A,PHI,143,PHI,143,0.08,0,0,4,6,5.28,9,P
NYN201909070,621107,Zach,Eflin,P,56,Eflin,R,R,A,PHI,143,PHI,143,0.19,0,2,8,11,4.31,U,U
NYN201909070,624133,Ranger,Suarez,P,55,"Suarez, R",L,L,A,PHI,143,PHI,143,0.333,0,0,4,1,3.57,U,U
NYN201909070,453284,Blake,Parker,P,53,Parker,R,R,A,PHI,143,PHI,143,0.0,0,0,2,2,4.5,U,U
NYN201909070,656354,Austin,Davis,P,54,"Davis, A",L,L,A,PHI,143,PHI,143,0.0,0,0,0,0,7.71,U,U
NYN201909070,573046,Mike,Morin,P,28,"Morin, M",R,R,A,PHI,143,PHI,143,0.0,0,0,1,2,4.15,U,U
NYN201909070,605400,Aaron,Nola,P,27,Nola,R,R,A,PHI,143,PHI,143,0.115,0,2,12,4,3.63,U,U
NYN201909070,489149,Logan,Morrison,1B,8,Morrison,L,L,A,PHI,143,PHI,143,0.238,2,3,0,0,0.0,U,U
NYN201909070,656514,Adam,Haseley,CF,40,Haseley,L,L,A,PHI,143,PHI,143,0.261,3,18,0,0,0.0,8,RF
NYN201909070,514917,Cesar,Hernandez,2B,16,"Hernández, C",R,S,A,PHI,143,PHI,143,0.281,9,60,0,0,0.0,1,2B
NYN201909070,656555,Rhys,Hoskins,1B,17,Hoskins,R,R,A,PHI,143,PHI,143,0.234,27,80,0,0,0.0,4,1B
NYN201909070,450306,Jason,Vargas,P,44,Vargas,L,L,A,PHI,143,PHI,143,0.079,0,0,6,7,4.27,U,U
NYN201909070,429664,Robinson,Cano,2B,24,Canó,R,L,A,NYM,121,NYM,121,0.258,11,34,0,0,0.0,8,PH
NYN201909070,544727,Jeurys,Familia,P,27,Familia,R,R,A,NYM,121,NYM,121,0.0,0,0,4,2,6.3,9,P
NYN201909070,425784,Rene,Rivera,C,44,"Rivera, R",R,R,A,NYM,121,NYM,121,0.286,0,1,0,0,0.0,U,U
NYN201909070,624424,Michael,Conforto,RF,30,Conforto,R,L,A,NYM,121,NYM,121,0.258,29,81,0,0,0.0,5,RF
NYN201909070,571927,Steven,Matz,P,32,Matz,L,R,A,NYM,121,NYM,121,0.265,1,1,9,8,4.0,U,U
NYN201909070,621512,Tomas,Nido,C,3,Nido,R,R,A,NYM,121,NYM,121,0.2,3,13,0,0,0.0,8,C
NYN201909070,641645,Luis,Guillorme,SS,13,Guillorme,R,L,A,NYM,121,NYM,121,0.224,1,3,0,0,0.0,U,U
NYN201909070,554430,Zack,Wheeler,P,45,Wheeler,R,L,A,NYM,121,NYM,121,0.229,1,4,10,7,4.33,U,U
NYN201909070,643446,Jeff,McNeil,LF,6,McNeil,R,L,A,NYM,121,NYM,121,0.324,18,65,0,0,0.0,3,2B
NYN201909070,592789,Noah,Syndergaard,P,34,Syndergaard,R,L,A,NYM,121,NYM,121,0.105,2,2,10,7,3.97,U,U
NYN201909070,623354,Daniel,Zamora,P,73,Zamora,L,L,A,NYM,121,NYM,121,0.0,0,0,0,1,6.14,9,P
NYN201909070,641341,Tyler,Bashlor,P,49,Bashlor,R,R,A,NYM,121,NYM,121,0.0,0,0,0,3,7.58,9,P
NYN201909070,642708,Amed,Rosario,SS,1,"Rosario, A",R,R,A,NYM,121,NYM,121,0.284,12,59,0,0,0.0,1,SS
NYN201909070,605412,Joe,Panik,2B,2,Panik,R,L,A,NYM,121,NYM,121,0.243,4,37,0,0,0.0,7,PH
NYN201909070,476704,Jed,Lowrie,2B,4,Lowrie,R,S,A,NYM,121,NYM,121,0.0,0,0,0,0,0.0,9,PH
NYN201909070,453943,Todd,Frazier,3B,21,"Frazier, T",R,R,A,NYM,121,NYM,121,0.236,18,59,0,0,0.0,6,3B
NYN201909070,623149,Paul,Sewald,P,51,Sewald,R,R,A,NYM,121,NYM,121,0.0,0,0,0,0,4.91,U,U
NYN201909070,467092,Wilson,Ramos,C,40,"Ramos, W",R,R,A,NYM,121,NYM,121,0.294,13,68,0,0,0.0,9,PH
NYN201909070,458677,Justin,Wilson,P,38,"Wilson, J",L,L,A,NYM,121,NYM,121,0.0,0,0,4,1,1.97,U,U
NYN201909070,624413,Pete,Alonso,1B,20,"Alonso, P",R,R,A,NYM,121,NYM,121,0.269,45,107,0,0,0.0,2,1B
NYN201909070,594798,Jacob,deGrom,P,48,deGrom,R,L,A,NYM,121,NYM,121,0.218,2,6,8,8,2.76,U,U
NYN201909070,621242,Edwin,Diaz,P,39,"Díaz, E",R,R,A,NYM,121,NYM,121,0.0,0,0,2,7,5.88,U,U
NYN201909070,607043,Brandon,Nimmo,CF,9,Nimmo,R,L,A,NYM,121,NYM,121,0.201,4,17,0,0,0.0,6,PH
NYN201909070,621141,Walker,Lockett,P,61,Lockett,R,R,A,NYM,121,NYM,121,0.167,0,0,1,1,6.98,9,P
NYN201909070,664059,Sam,Haggerty,2B,19,Haggerty,R,S,A,NYM,121,NYM,121,0.0,0,0,0,0,0.0,U,U
NYN201909070,543193,Drew,Gagnon,P,47,Gagnon,R,R,A,NYM,121,NYM,121,0.333,0,0,3,1,8.74,U,U
NYN201909070,573186,Marcus,Stroman,P,7,Stroman,R,R,A,NYM,121,NYM,121,0.071,0,0,7,13,3.42,9,P
NYN201909070,605204,J.D.,Davis,3B,28,"Davis, J",R,R,A,NYM,121,NYM,121,0.306,18,49,0,0,0.0,4,LF
NYN201909070,607625,Seth,Lugo,P,67,"Lugo, S",R,R,A,NYM,121,NYM,121,0.0,0,0,5,3,2.87,U,U
NYN201909070,542960,Brad,Brach,P,29,Brach,R,R,A,NYM,121,NYM,121,0.25,0,1,4,4,5.88,U,U
NYN201909070,501593,Luis,Avilan,P,43,Avilán,L,L,A,NYM,121,NYM,121,0.0,0,0,4,0,4.13,U,U
NYN201909070,501571,Juan,Lagares,CF,12,Lagares,R,R,A,NYM,121,NYM,121,0.209,3,20,0,0,0.0,7,CF
NYN201909070,434658,Rajai,Davis,CF,18,"Davis, R",R,R,A,NYM,121,NYM,121,0.176,1,4,0,0,0.0,9,PH
HOU201909070,665093,Zac,Grotz,P,37,Grotz,R,R,A,SEA,136,SEA,136,0.0,0,0,1,0,3.38,U,U
HOU201909070,553882,Omar,Narvaez,C,22,Narváez,R,L,A,SEA,136,SEA,136,0.28,19,49,0,0,0.0,4,DH
HOU201909070,596129,Daniel,Vogelbach,1B,20,Vogelbach,R,L,A,SEA,136,SEA,136,0.216,30,74,0,0,0.0,5,1B
HOU201909070,641487,J.P.,Crawford,SS,3,"Crawford, J",R,L,A,SEA,136,SEA,136,0.241,6,40,0,0,0.0,U,U
HOU201909070,641584,Jake,Fraley,CF,8,Fraley,L,L,A,SEA,136,SEA,136,0.15,0,1,0,0,0.0,8,CF
HOU201909070,572122,Kyle,Seager,3B,15,"Seager, K",R,L,A,SEA,136,SEA,136,0.248,21,56,0,0,0.0,3,3B
HOU201909070,596035,Reggie,McClain,P,36,McClain,R,R,A,SEA,136,SEA,136,0.0,0,0,0,1,5.4,U,U
HOU201909070,607555,Taylor,Guilbeau,P,45,Guilbeau,L,L,A,SEA,136,SEA,136,0.0,0,0,0,0,4.7,U,U
HOU201909070,613534,Austin,Adams,P,63,Adams,R,R,A,SEA,136,SEA,136,0.0,0,0,1,2,3.54,U,P
HOU201909070,656186,Dan,Altavilla,P,53,Altavilla,R,R,A,SEA,136,SEA,136,0.0,0,0,0,0,6.48,U,U
HOU201909070,543483,Matt,Magill,P,61,Magill,R,R,A,SEA,136,SEA,136,0.0,0,0,4,2,4.4,U,U
HOU201909070,643418,Shed,Long,2B,39,Long,R,L,A,SEA,136,SEA,136,0.231,1,5,0,0,0.0,7,LF
HOU201909070,605538,Matt,Wisler,P,44,Wisler,R,R,A,SEA,136,SEA,136,0.0,0,0,3,4,5.18,U,U
HOU201909070,592815,Sam,Tuivailala,P,26,Tuivailala,R,R,A,SEA,136,SEA,136,0.0,0,0,1,0,1.59,U,P
HOU201909070,542979,Keon,Broxton,CF,4,Broxton,R,R,A,SEA,136,SEA,136,0.169,6,16,0,0,0.0,U,U
HOU201909070,621005,Tim,Lopes,2B,10,Lopes,R,R,A,SEA,136,SEA,136,0.274,1,11,0,0,0.0,8,RF
HOU201909070,623323,Braden,Bishop,CF,5,Bishop,R,R,A,SEA,136,SEA,136,0.095,0,3,0,0,0.0,U,U
HOU201909070,543548,Tommy,Milone,P,57,Milone,L,L,A,SEA,136,SEA,136,0.0,0,0,3,9,4.98,U,U
HOU201909070,543829,Dee,Gordon,2B,9,"Gordon, D",R,L,A,SEA,136,SEA,136,0.286,3,33,0,0,0.0,9,2B
HOU201909070,542914,Anthony,Bass,P,52,Bass,R,R,A,SEA,136,SEA,136,0.0,0,0,2,4,3.76,U,U
HOU201909070,453281,Wade,LeBlanc,P,49,LeBlanc,L,L,A,SEA,136,SEA,136,0.0,0,0,6,7,5.49,U,U
HOU201909070,664238,Dylan,Moore,3B,25,"Moore, D",R,R,A,SEA,136,SEA,136,0.212,7,22,0,0,0.0,1,SS
HOU201909070,605480,Mallex,Smith,CF,0,"Smith, M",R,L,A,SEA,136,SEA,136,0.234,6,35,0,0,0.0,2,CF
HOU201909070,579328,Yusei,Kikuchi,P,18,Kikuchi,L,L,A,SEA,136,SEA,136,0.0,0,0,6,9,5.24,U,P
HOU201909070,608596,Tom,Murphy,C,2,"Murphy, To",R,R,A,SEA,136,SEA,136,0.276,17,38,0,0,0.0,6,C
HOU201909070,594835,Marco,Gonzales,P,7,Gonzales,L,L,A,SEA,136,SEA,136,0.0,0,0,14,11,4.37,U,U
HOU201909070,657024,Erik,Swanson,P,50,Swanson,R,R,A,SEA,136,SEA,136,0.0,0,0,1,5,6.3,U,U
HOU201909070,592165,Brandon,Brennan,P,65,Brennan,R,R,A,SEA,136,SEA,136,0.0,0,0,2,6,4.95,U,U
HOU201909070,543592,Austin,Nola,1B,23,"Nola, Au",R,R,A,SEA,136,SEA,136,0.273,9,23,0,0,0.0,U,U
HOU201909070,606956,Ryan,Court,SS,12,Court,R,R,A,SEA,136,SEA,136,0.217,1,5,0,0,0.0,U,U
HOU201909070,433587,Felix,Hernandez,P,34,"Hernandez, F",R,R,A,SEA,136,SEA,136,0.0,0,0,1,5,6.02,U,U
HOU201909070,656954,Justus,Sheffield,P,33,Sheffield,L,L,A,SEA,136,SEA,136,0.0,0,0,0,1,5.51,U,U
HOU201909070,664285,Framber,Valdez,P,59,"Valdez, F",L,L,A,HOU,117,HOU,117,0.0,0,0,4,7,5.62,U,U
HOU201909070,455139,Robinson,Chirinos,C,28,"Chirinos, R",R,R,A,HOU,117,HOU,117,0.23,15,49,0,0,0.0,6,C
HOU201909070,455117,Martin,Maldonado,C,12,Maldonado,R,R,A,HOU,117,HOU,117,0.211,9,22,0,0,0.0,U,U
HOU201909070,650556,Bryan,Abreu,P,66,"Abreu, B",R,R,A,HOU,117,HOU,117,0.0,0,0,0,0,0.0,U,U
HOU201909070,663656,Kyle,Tucker,RF,3,Tucker,R,L,A,HOU,117,HOU,117,0.286,1,2,0,0,0.0,8,RF
HOU201909070,607352,Joe,Biagini,P,29,Biagini,R,R,A,HOU,117,HOU,117,0.0,0,0,3,1,3.82,U,U
HOU201909070,425844,Zack,Greinke,P,21,Greinke,R,R,A,HOU,117,HOU,117,0.28,3,8,14,5,3.09,U,U
HOU201909070,608324,Alex,Bregman,3B,2,Bregman,R,R,A,HOU,117,HOU,117,0.297,34,100,0,0,0.0,3,SS
HOU201909070,493329,Yuli,Gurriel,1B,10,Gurriel,R,R,A,HOU,117,HOU,117,0.304,27,98,0,0,0.0,U,U
HOU201909070,444468,Hector,Rondon,P,30,Rondón,R,R,A,HOU,117,HOU,117,0.0,0,0,3,2,3.6,U,U
HOU201909070,501789,Will,Harris,P,36,Harris,R,R,A,HOU,117,HOU,117,0.0,0,0,4,1,1.65,U,P
HOU201909070,606965,Chris,Devenski,P,47,Devenski,R,R,A,HOU,117,HOU,117,0.0,0,0,2,3,5.25,U,U
HOU201909070,489119,Wade,Miley,P,20,Miley,L,L,A,HOU,117,HOU,117,0.0,0,0,13,4,3.35,U,U
HOU201909070,672335,Cionel,Perez,P,51,"Pérez, C",L,L,A,HOU,117,HOU,117,0.0,0,0,1,1,11.25,U,U
HOU201909070,502210,Josh,Reddick,RF,22,Reddick,R,L,A,HOU,117,HOU,117,0.268,12,48,0,0,0.0,9,RF
HOU201909070,514888,Jose,Altuve,2B,27,Altuve,R,R,A,HOU,117,HOU,117,0.302,25,63,0,0,0.0,1,2B
HOU201909070,532077,Roberto,Osuna,P,54,Osuna,R,R,A,HOU,117,HOU,117,0.0,0,0,4,3,3.0,U,U
HOU201909070,543807,George,Springer,RF,4,Springer,R,R,A,HOU,117,HOU,117,0.297,30,78,0,0,0.0,U,U
HOU201909070,501925,Joe,Smith,P,38,"Smith, J",R,R,A,HOU,117,HOU,117,0.0,0,0,1,0,1.4,U,U
HOU201909070,647351,Abraham,Toro,3B,13,Toro,R,S,A,HOU,117,HOU,117,0.214,2,4,0,0,0.0,7,3B
HOU201909070,488726,Michael,Brantley,LF,23,Brantley,L,L,A,HOU,117,HOU,117,0.321,20,84,0,0,0.0,2,LF
HOU201909070,596117,Garrett,Stubbs,C,11,Stubbs,R,L,A,HOU,117,HOU,117,0.16,0,2,0,0,0.0,U,U
HOU201909070,664353,Jose,Urquidy,P,65,Urquidy,R,R,A,HOU,117,HOU,117,0.0,0,0,1,1,5.33,U,U
HOU201909070,649557,Aledmys,Diaz,2B,16,"Díaz, A",R,R,A,HOU,117,HOU,117,0.259,7,31,0,0,0.0,5,1B
HOU201909070,605482,Cy,Sneed,P,67,Sneed,R,R,A,HOU,117,HOU,117,0.0,0,0,0,1,4.34,U,U
HOU201909070,664702,Myles,Straw,CF,26,Straw,R,R,A,HOU,117,HOU,117,0.233,0,4,0,0,0.0,8,CF
HOU201909070,545350,Jake,Marisnick,CF,6,Marisnick,R,R,A,HOU,117,HOU,117,0.235,9,31,0,0,0.0,8,CF
HOU201909070,543037,Gerrit,Cole,P,45,"Cole, G",R,R,A,HOU,117,HOU,117,0.0,0,0,15,5,2.81,U,U
HOU201909070,434378,Justin,Verlander,P,35,Verlander,R,R,A,HOU,117,HOU,117,0.0,0,0,18,5,2.52,U,P
HOU201909070,657624,Josh,James,P,39,James,R,R,A,HOU,117,HOU,117,0.0,0,0,5,0,4.55,U,P
HOU201909070,670541,Yordan,Alvarez,1B,44,Alvarez,R,L,A,HOU,117,HOU,117,0.306,22,64,0,0,0.0,4,DH
LAN201909070,664041,Jaylin,Davis,RF,49,"Davis, J",R,R,A,SF,137,SF,137,0.167,0,0,0,0,0.0,U,U
LAN201909070,669214,Conner,Menez,P,51,Menez,L,L,A,SF,137,SF,137,0.0,0,0,0,1,6.43,U,U
LAN201909070,518516,Madison,Bumgarner,P,40,Bumgarner,L,R,A,SF,137,SF,137,0.123,1,3,9,8,3.81,U,U
LAN201909070,472551,Fernando,Abad,P,50,Abad,L,L,A,SF,137,SF,137,0.0,0,0,0,1,3.24,9,P
LAN201909070,456781,Donovan,Solano,SS,7,"Solano, D",R,R,A,SF,137,SF,137,0.332,4,21,0,0,0.0,U,U
LAN201909070,622046,Chris,Shaw,LF,26,"Shaw, C",R,L,A,SF,137,SF,137,0.143,0,0,0,0,0.0,9,PH
LAN201909070,643289,Mauricio,Dubon,SS,19,Dubón,R,R,A,SF,137,SF,137,0.321,2,4,0,0,0.0,8,2B
LAN201909070,656322,Sam,Coonrod,P,65,Coonrod,R,R,A,SF,137,SF,137,0.0,0,0,4,1,2.49,9,P
LAN201909070,595881,Tyler,Beede,P,38,Beede,R,R,A,SF,137,SF,137,0.121,0,1,4,9,5.33,9,P
LAN201909070,657277,Logan,Webb,P,62,Webb,R,R,A,SF,137,SF,137,0.0,0,0,1,1,6.5,U,U
LAN201909070,572125,Sam,Selman,P,67,Selman,L,R,A,SF,137,SF,137,0.0,0,0,0,0,6.75,U,U
LAN201909070,605498,Andrew,Suarez,P,59,"Suárez, A",L,L,A,SF,137,SF,137,0.0,0,0,0,2,7.03,9,P
LAN201909070,594311,Jandel,Gustave,P,74,Gustave,R,R,A,SF,137,SF,137,0.0,0,0,0,0,1.86,9,P
LAN201909070,607457,Kyle,Barraclough,P,45,Barraclough,R,R,A,SF,137,SF,137,0.0,0,0,1,2,6.83,U,U
LAN201909070,543063,Brandon,Crawford,SS,35,Crawford,R,L,A,SF,137,SF,137,0.227,11,54,0,0,0.0,6,SS
LAN201909070,572143,Burch,Smith,P,61,"Smith, B",R,R,A,SF,137,SF,137,0.0,0,0,0,1,7.07,U,U
LAN201909070,543105,Alex,Dickerson,LF,8,"Dickerson, A",L,L,A,SF,137,SF,137,0.289,6,26,0,0,0.0,U,U
LAN201909070,453265,Tony,Watson,P,56,Watson,L,L,A,SF,137,SF,137,0.0,0,0,2,2,4.33,U,U
LAN201909070,457763,Buster,Posey,C,28,Posey,R,R,A,SF,137,SF,137,0.255,6,35,0,0,0.0,U,U
LAN201909070,641312,Shaun,Anderson,P,64,"Anderson, S",R,R,A,SF,137,SF,137,0.08,0,0,3,4,5.22,9,P
LAN201909070,643511,Tyler,Rogers,P,71,"Rogers, Ty",R,R,A,SF,137,SF,137,0.0,0,0,1,0,1.23,9,P
LAN201909070,607680,Kevin,Pillar,CF,1,Pillar,R,R,A,SF,137,SF,137,0.262,21,80,0,0,0.0,5,CF
LAN201909070,519293,Will,Smith,P,13,"Smith, W",L,R,A,SF,137,SF,137,1.0,0,2,5,0,3.0,U,U
LAN201909070,605244,Aramis,Garcia,C,16,Garcia,R,R,A,SF,137,SF,137,0.13,2,3,0,0,0.0,U,U
LAN201909070,519390,Stephen,Vogt,C,21,Vogt,R,L,A,SF,137,SF,137,0.27,8,31,0,0,0.0,4,C
LAN201909070,573262,Mike,Yastrzemski,LF,5,Yastrzemski,L,L,A,SF,137,SF,137,0.27,19,51,0,0,0.0,1,LF
LAN201909070,446334,Evan,Longoria,3B,10,Longoria,R,R,A,SF,137,SF,137,0.262,18,61,0,0,0.0,3,3B
LAN201909070,605446,Dereck,Rodriguez,P,57,"Rodríguez, D",R,R,A,SF,137,SF,137,0.185,0,0,5,8,5.15,U,U
LAN201909070,596103,Austin,Slater,LF,53,Slater,R,R,A,SF,137,SF,137,0.265,5,21,0,0,0.0,7,RF
LAN201909070,474832,Brandon,Belt,1B,9,Belt,L,L,A,SF,137,SF,137,0.228,16,54,0,0,0.0,2,1B
LAN201909070,543377,Corban,Joseph,2B,46,"Joseph, Co",R,L,A,SF,137,SF,137,0.174,1,6,0,0,0.0,9,PH
LAN201909070,572073,Joey,Rickard,RF,37,Rickard,L,R,A,SF,137,SF,137,0.218,3,8,0,0,0.0,U,U
LAN201909070,502188,Jeff,Samardzija,P,29,Samardzija,R,R,A,SF,137,SF,137,0.106,0,1,10,11,3.64,U,U
LAN201909070,669257,Will,Smith,C,16,"Smith, W",R,R,A,LAD,119,LAD,119,0.273,13,34,0,0,0.0,8,C
LAN201909070,621035,Chris,Taylor,LF,3,"Taylor, C",R,R,A,LAD,119,LAD,119,0.269,11,47,0,0,0.0,9,CF
LAN201909070,431145,Russell,Martin,C,55,"Martin, R",R,R,A,LAD,119,LAD,119,0.218,6,19,0,0,0.0,U,U
LAN201909070,664062,Tony,Gonsolin,P,46,Gonsolin,R,R,A,LAD,119,LAD,119,0.25,0,1,2,2,2.81,9,P
LAN201909070,594987,Casey,Sadler,P,65,Sadler,R,R,A,LAD,119,LAD,119,0.0,0,0,4,0,1.99,U,U
LAN201909070,621111,Walker,Buehler,P,21,Buehler,R,R,A,LAD,119,LAD,119,0.094,1,2,12,3,3.28,U,U
LAN201909070,592626,Joc,Pederson,LF,31,Pederson,L,L,A,LAD,119,LAD,119,0.249,32,67,0,0,0.0,1,RF
LAN201909070,605131,Austin,Barnes,C,15,"Barnes, A",R,R,A,LAD,119,LAD,119,0.198,5,23,0,0,0.0,U,U
LAN201909070,571771,Enrique,Hernandez,2B,14,"Hernández, K",R,R,A,LAD,119,LAD,119,0.24,17,60,0,0,0.0,7,RF
LAN201909070,502117,Kristopher,Negron,2B,9,Negrón,R,R,A,LAD,119,LAD,119,0.246,2,8,0,0,0.0,3,3B
LAN201909070,608369,Corey,Seager,SS,5,"Seager, C",R,L,A,LAD,119,LAD,119,0.261,13,66,0,0,0.0,2,SS
LAN201909070,592473,Adam,Kolarek,P,56,Kolarek,L,L,A,LAD,119,LAD,119,0.0,0,0,6,3,3.29,U,U
LAN201909070,572041,A.J.,Pollock,CF,11,Pollock,R,R,A,LAD,119,LAD,119,0.264,13,39,0,0,0.0,5,LF
LAN201909070,657571,Caleb,Ferguson,P,64,Ferguson,L,R,A,LAD,119,LAD,119,0.5,0,0,1,1,4.62,9,P
LAN201909070,571670,Dylan,Floro,P,51,Floro,R,L,A,LAD,119,LAD,119,0.0,0,0,4,3,3.95,U,U
LAN201909070,445276,Kenley,Jansen,P,74,"Jansen, K",R,S,A,LAD,119,LAD,119,0.0,0,0,4,3,3.79,1,P
LAN201909070,520980,Pedro,Baez,P,52,"Báez, P",R,R,A,LAD,119,LAD,119,0.0,0,0,7,2,3.27,1,P
LAN201909070,547943,Hyun-Jin,Ryu,P,99,Ryu,L,R,A,LAD,119,LAD,119,0.136,0,1,12,5,2.45,U,U
LAN201909070,628317,Kenta,Maeda,P,18,Maeda,R,R,A,LAD,119,LAD,119,0.255,0,6,8,8,4.18,U,U
LAN201909070,554340,Yimi,Garcia,P,63,"García, Y",R,R,A,LAD,119,LAD,119,0.0,0,0,1,4,3.53,9,P
LAN201909070,628711,Julio,Urias,P,7,Urías,L,L,A,LAD,119,LAD,119,0.25,0,2,4,3,2.55,U,U
LAN201909070,622250,Josh,Sborz,P,76,Sborz,R,R,A,LAD,119,LAD,119,0.0,0,0,0,0,13.5,U,U
LAN201909070,607461,Matt,Beaty,1B,45,Beaty,R,L,A,LAD,119,LAD,119,0.282,8,43,0,0,0.0,9,PH
LAN201909070,641355,Cody,Bellinger,RF,35,Bellinger,L,L,A,LAD,119,LAD,119,0.308,44,105,0,0,0.0,4,1B
LAN201909070,666158,Gavin,Lux,2B,48,Lux,R,L,A,LAD,119,LAD,119,0.167,0,0,0,0,0.0,6,2B
LAN201909070,477132,Clayton,Kershaw,P,22,Kershaw,L,L,A,LAD,119,LAD,119,0.114,0,1,13,5,3.06,U,U
LAN201909070,501896,David,Freese,1B,25,Freese,R,R,A,LAD,119,LAD,119,0.306,11,29,0,0,0.0,U,U
LAN201909070,548389,Ross,Stripling,P,68,Stripling,R,R,A,LAD,119,LAD,119,0.158,0,1,4,4,3.42,U,U
LAN201909070,576397,Jedd,Gyorko,3B,26,Gyorko,R,R,A,LAD,119,LAD,119,0.192,2,8,0,0,0.0,1,PH
LAN201909070,523260,Joe,Kelly,P,17,Kelly,R,R,A,LAD,119,LAD,119,0.0,0,0,5,3,4.47,9,P
LAN201909070,669160,Dustin,May,P,85,May,R,R,A,LAD,119,LAD,119,0.1,0,0,1,3,4.91,9,P
LAN201909070,457759,Justin,Turner,3B,10,Turner,R,R,A,LAD,119,LAD,119,0.291,27,67,0,0,0.0,3,3B
PIT201909070,451594,Dexter,Fowler,RF,25,Fowler,R,S,A,STL,138,STL,138,0.245,16,60,0,0,0.0,1,RF
PIT201909070,622168,Yairo,Munoz,2B,34,Muñoz,R,R,A,STL,138,STL,138,0.271,2,13,0,0,0.0,2,SS
PIT201909070,543939,Kolten,Wong,2B,16,"Wong, Ko",R,L,A,STL,138,STL,138,0.288,10,55,0,0,0.0,2,2B
PIT201909070,594965,Daniel,Ponce de Leon,P,62,Ponce de Leon,R,R,A,STL,138,STL,138,0.0,0,0,1,2,3.94,3,P
PIT201909070,571945,Miles,Mikolas,P,39,Mikolas,R,R,A,STL,138,STL,138,0.132,0,2,8,13,4.25,U,U
PIT201909070,624641,Edmundo,Sosa,SS,63,Sosa,R,R,A,STL,138,STL,138,0.25,0,0,0,0,0.0,5,2B
PIT201909070,668227,Randy,Arozarena,LF,66,Arozarena,R,R,A,STL,138,STL,138,0.25,0,1,0,0,0.0,1,RF
PIT201909070,668800,Andrew,Knizner,C,7,Knizner,R,R,A,STL,138,STL,138,0.213,2,6,0,0,0.0,6,C
PIT201909070,607231,John,Gant,P,53,Gant,R,R,A,STL,138,STL,138,0.0,0,0,10,0,3.16,U,U
PIT201909070,453192,Andrew,Miller,P,21,Miller,L,L,A,STL,138,STL,138,0.0,0,0,4,5,4.3,U,U
PIT201909070,605154,John,Brebbia,P,60,Brebbia,R,L,A,STL,138,STL,138,1.0,0,0,3,3,3.26,U,U
PIT201909070,572761,Matt,Carpenter,3B,13,"Carpenter, M",R,L,A,STL,138,STL,138,0.223,12,38,0,0,0.0,U,U
PIT201909070,500874,Jose,Martinez,RF,38,"Martínez, Jo",R,R,A,STL,138,STL,138,0.268,10,40,0,0,0.0,U,U
PIT201909070,606149,Giovanny,Gallegos,P,65,Gallegos,R,R,A,STL,138,STL,138,0.0,0,0,3,2,2.27,U,U
PIT201909070,641933,Tyler,O'Neill,LF,41,O'Neill,R,R,A,STL,138,STL,138,0.274,5,16,0,0,0.0,4,LF
PIT201909070,641712,Dakota,Hudson,P,43,"Hudson, D",R,R,A,STL,138,STL,138,0.068,0,2,15,6,3.4,U,U
PIT201909070,621529,Joe,Hudson,C,68,"Hudson, J",R,R,A,STL,138,STL,138,0.0,0,0,0,0,0.0,U,U
PIT201909070,656427,Jack,Flaherty,P,22,Flaherty,R,R,A,STL,138,STL,138,0.163,0,4,9,7,3.14,U,U
PIT201909070,657557,Paul,DeJong,SS,12,DeJong,R,R,A,STL,138,STL,138,0.246,26,72,0,0,0.0,5,SS
PIT201909070,502671,Paul,Goldschmidt,1B,46,Goldschmidt,R,R,A,STL,138,STL,138,0.259,29,79,0,0,0.0,3,1B
PIT201909070,669242,Tommy,Edman,SS,19,Edman,R,S,A,STL,138,STL,138,0.283,7,27,0,0,0.0,7,3B
PIT201909070,425794,Adam,Wainwright,P,50,Wainwright,R,R,A,STL,138,STL,138,0.159,0,2,11,9,4.16,9,P
PIT201909070,643778,Tyler,Webb,P,30,Webb,L,L,A,STL,138,STL,138,0.0,0,0,1,1,4.02,U,U
PIT201909070,664854,Ryan,Helsley,P,56,Helsley,R,R,A,STL,138,STL,138,0.333,0,0,1,0,1.95,U,U
PIT201909070,594577,Mike,Mayers,P,59,Mayers,R,R,A,STL,138,STL,138,0.0,0,0,0,1,7.56,U,U
PIT201909070,664056,Harrison,Bader,CF,48,Bader,R,R,A,STL,138,STL,138,0.209,7,31,0,0,0.0,8,CF
PIT201909070,425877,Yadier,Molina,C,4,Molina,R,R,A,STL,138,STL,138,0.276,8,49,0,0,0.0,6,C
PIT201909070,446308,Matt,Wieters,C,32,Wieters,R,S,A,STL,138,STL,138,0.215,10,23,0,0,0.0,U,U
PIT201909070,593372,Carlos,Martinez,P,18,"Martínez, C",R,R,A,STL,138,STL,138,0.0,0,0,4,2,3.15,U,U
PIT201909070,608379,Michael,Wacha,P,52,Wacha,R,R,A,STL,138,STL,138,0.182,0,3,6,6,4.98,U,U
PIT201909070,592660,Rangel,Ravelo,1B,47,Ravelo,R,R,A,STL,138,STL,138,0.24,1,4,0,0,0.0,9,1B
PIT201909070,608678,Dominic,Leone,P,55,Leone,R,R,A,STL,138,STL,138,0.0,0,0,1,0,5.8,U,U
PIT201909070,650893,Genesis,Cabrera,P,61,"Cabrera, G",L,L,A,STL,138,STL,138,0.0,0,0,0,2,4.91,U,U
PIT201909070,658551,Junior,Fernandez,P,44,"Fernandez, J",R,R,A,STL,138,STL,138,0.0,0,0,0,0,2.45,9,P
PIT201909070,542303,Marcell,Ozuna,LF,23,Ozuna,R,R,A,STL,138,STL,138,0.255,26,81,0,0,0.0,4,LF
PIT201909070,434538,Francisco,Liriano,P,47,Liriano,L,L,A,PIT,134,PIT,134,1.0,0,0,4,3,3.52,U,U
PIT201909070,624428,Adam,Frazier,2B,26,"Frazier, A",R,L,A,PIT,134,PIT,134,0.281,9,44,0,0,0.0,7,2B
PIT201909070,623913,Wei-Chung,Wang,P,78,"Wang, W",L,L,A,PIT,134,PIT,134,0.0,0,0,3,0,3.14,U,U
PIT201909070,622569,Pablo,Reyes,LF,15,"Reyes, P",R,R,A,PIT,134,PIT,134,0.187,2,12,0,0,0.0,3,PH
PIT201909070,668804,Bryan,Reynolds,LF,10,"Reynolds, B",R,S,A,PIT,134,PIT,134,0.33,16,65,0,0,0.0,2,LF
PIT201909070,592567,Colin,Moran,3B,19,Moran,R,L,A,PIT,134,PIT,134,0.284,13,77,0,0,0.0,5,3B
PIT201909070,664129,Geoff,Hartlieb,P,72,Hartlieb,R,R,A,PIT,134,PIT,134,0.0,0,0,0,1,8.59,9,P
PIT201909070,592866,Trevor,Williams,P,34,"Williams, T",R,R,A,PIT,134,PIT,134,0.167,0,4,7,6,5.16,U,U
PIT201909070,571467,Steven,Baron,C,61,Baron,R,R,A,PIT,134,PIT,134,0.0,0,0,0,0,0.0,4,PH
PIT201909070,605195,Kyle,Crick,P,30,Crick,R,L,A,PIT,134,PIT,134,0.0,0,0,3,7,5.06,U,U
PIT201909070,593140,Michael,Feliz,P,45,Feliz,R,R,A,PIT,134,PIT,134,0.0,0,0,2,4,3.75,U,U
PIT201909070,596012,Kevin,Kramer,2B,44,Kramer,R,L,A,PIT,134,PIT,134,0.0,0,0,0,0,0.0,9,PH
PIT201909070,553878,Felipe,Vazquez,P,73,Vázquez,L,L,A,PIT,134,PIT,134,0.0,0,0,5,1,1.74,U,U
PIT201909070,605397,Joe,Musgrove,P,59,Musgrove,R,R,A,PIT,134,PIT,134,0.13,0,2,9,12,4.67,U,U
PIT201909070,642607,Dario,Agrazal,P,67,Agrazal,R,R,A,PIT,134,PIT,134,0.059,0,2,4,4,4.94,U,U
PIT201909070,593144,Richard,Rodriguez,P,48,"Rodríguez, Ri",R,R,A,PIT,134,PIT,134,0.0,0,0,3,5,3.95,U,U
PIT201909070,605137,Josh,Bell,1B,55,Bell,R,S,A,PIT,134,PIT,134,0.279,36,114,0,0,0.0,4,1B
PIT201909070,607732,Jacob,Stallings,C,58,Stallings,R,R,A,PIT,134,PIT,134,0.263,4,10,0,0,0.0,U,U
PIT201909070,570481,Erik,Gonzalez,SS,2,"González, E",R,R,A,PIT,134,PIT,134,0.213,0,2,0,0,0.0,U,U
PIT201909070,656605,Mitch,Keller,P,23,Keller,R,R,A,PIT,134,PIT,134,0.0,0,0,1,3,8.18,U,U
PIT201909070,656725,Alex,McRae,P,63,McRae,R,R,A,PIT,134,PIT,134,0.25,0,0,0,3,8.41,U,U
PIT201909070,643230,Steven,Brault,P,43,Brault,L,L,A,PIT,134,PIT,134,0.314,1,2,4,4,4.22,9,P
PIT201909070,621028,Kevin,Newman,SS,27,Newman,R,R,A,PIT,134,PIT,134,0.313,10,53,0,0,0.0,1,SS
PIT201909070,571917,Parker,Markel,P,49,Markel,R,R,A,PIT,134,PIT,134,0.0,0,0,0,1,10.57,9,P
PIT201909070,516782,Starling,Marte,CF,6,"Marte, S",R,R,A,PIT,134,PIT,134,0.297,23,82,0,0,0.0,3,CF
PIT201909070,657061,Cole,Tucker,SS,3,Tucker,R,S,A,PIT,134,PIT,134,0.2,2,10,0,0,0.0,U,U
PIT201909070,605280,Clay,Holmes,P,52,"Holmes, C",R,R,A,PIT,134,PIT,134,0.0,0,0,1,1,5.95,9,P
PIT201909070,591741,Jose,Osuna,3B,36,Osuna,R,R,A,PIT,134,PIT,134,0.266,10,32,0,0,0.0,6,RF
PIT201909070,641829,Jason,Martin,CF,51,"Martin, J",R,L,A,PIT,134,PIT,134,0.25,0,2,0,0,0.0,U,U
PIT201909070,605441,Yacksel,Rios,P,71,"Ríos, Y",R,R,A,PIT,134,PIT,134,0.0,0,0,0,0,7.2,U,U
PIT201909070,553869,Elias,Diaz,C,32,"Díaz, E",R,R,A,PIT,134,PIT,134,0.248,2,25,0,0,0.0,8,C
PIT201909070,466320,Melky,Cabrera,RF,53,"Cabrera, Me",L,S,A,PIT,134,PIT,134,0.278,7,43,0,0,0.0,U,U
PIT201909070,605309,Keone,Kela,P,35,Kela,R,R,A,PIT,134,PIT,134,0.0,0,0,2,0,2.66,U,U
BAL201909070,669256,Nick,Solak,2B,15,Solak,R,R,A,TEX,140,TEX,140,0.3,2,7,0,0,0.0,4,DH
BAL201909070,425783,Shin-Soo,Choo,LF,17,Choo,L,L,A,TEX,140,TEX,140,0.262,21,51,0,0,0.0,1,RF
BAL201909070,642558,Ariel,Jurado,P,57,Jurado,R,R,A,TEX,140,TEX,140,0.0,0,0,7,10,5.4,U,U
BAL201909070,606160,Rafael,Montero,P,48,"Montero, R",R,R,A,TEX,140,TEX,140,0.0,0,0,2,0,2.05,U,U
BAL201909070,458681,Lance,Lynn,P,35,Lynn,R,S,A,TEX,140,TEX,140,0.0,0,0,14,10,3.81,U,U
BAL201909070,518875,Shawn,Kelley,P,27,Kelley,R,R,A,TEX,140,TEX,140,0.0,0,0,5,2,4.07,U,P
BAL201909070,656685,Brett,Martin,P,59,"Martin, B",L,L,A,TEX,140,TEX,140,0.0,0,0,2,3,5.07,U,U
BAL201909070,661403,Emmanuel,Clase,P,43,Clase,R,R,A,TEX,140,TEX,140,0.0,0,0,2,2,2.87,U,U
BAL201909070,501985,Mike,Minor,P,23,Minor,L,R,A,TEX,140,TEX,140,0.0,0,0,12,8,3.12,U,U
BAL201909070,523253,Logan,Forsythe,1B,41,Forsythe,R,R,A,TEX,140,TEX,140,0.228,7,39,0,0,0.0,U,U
BAL201909070,595981,Scott,Heineman,RF,16,Heineman,R,R,A,TEX,140,TEX,140,0.2,1,3,0,0,0.0,1,RF
BAL201909070,596059,Rougned,Odor,2B,12,Odor,R,L,A,TEX,140,TEX,140,0.202,23,74,0,0,0.0,6,2B
BAL201909070,542454,Danny,Santana,2B,38,"Santana, D",R,S,A,TEX,140,TEX,140,0.286,24,65,0,0,0.0,5,3B
BAL201909070,592716,Adrian,Sampson,P,52,Sampson,R,R,A,TEX,140,TEX,140,0.0,0,0,6,8,5.8,U,P
BAL201909070,643396,Isiah,Kiner-Falefa,3B,9,Kiner-Falefa,R,R,A,TEX,140,TEX,140,0.238,1,20,0,0,0.0,U,U
BAL201909070,450172,Edinson,Volquez,P,36,Vólquez,R,R,A,TEX,140,TEX,140,0.0,0,0,0,1,6.75,U,P
BAL201909070,622795,Yohander,Mendez,P,65,Méndez,L,L,A,TEX,140,TEX,140,0.0,0,0,1,0,3.86,U,P
BAL201909070,425772,Jeff,Mathis,C,2,Mathis,R,R,A,TEX,140,TEX,140,0.161,2,12,0,0,0.0,9,C
BAL201909070,642546,Jonathan,Hernandez,P,72,"Hernández, J",R,R,A,TEX,140,TEX,140,0.0,0,0,1,0,2.16,U,P
BAL201909070,624431,Jose,Trevino,C,56,Trevino,R,R,A,TEX,140,TEX,140,0.238,2,6,0,0,0.0,U,U
BAL201909070,664139,Ian,Gibaut,P,63,Gibaut,R,R,A,TEX,140,TEX,140,0.0,0,0,0,0,2.61,U,U
BAL201909070,641432,Willie,Calhoun,LF,5,"Calhoun, W",R,L,A,TEX,140,TEX,140,0.267,18,40,0,0,0.0,3,LF
BAL201909070,605260,Taylor,Guerrieri,P,46,Guerrieri,R,R,A,TEX,140,TEX,140,0.0,0,0,0,0,4.57,U,U
BAL201909070,663465,Kolby,Allard,P,39,Allard,L,L,A,TEX,140,TEX,140,0.0,0,0,4,0,3.78,U,U
BAL201909070,608652,Luke,Farrell,P,60,Farrell,R,L,A,TEX,140,TEX,140,0.0,0,0,0,0,3.38,U,U
BAL201909070,608597,Ronald,Guzman,1B,11,Guzmán,L,L,A,TEX,140,TEX,140,0.203,8,30,0,0,0.0,8,1B
BAL201909070,592261,Delino,DeShields,CF,3,DeShields,R,R,A,TEX,140,TEX,140,0.247,4,30,0,0,0.0,7,CF
BAL201909070,608577,Nomar,Mazara,RF,30,Mazara,L,L,A,TEX,140,TEX,140,0.268,17,63,0,0,0.0,U,U
BAL201909070,462101,Elvis,Andrus,SS,1,Andrus,R,R,A,TEX,140,TEX,140,0.274,10,63,0,0,0.0,2,SS
BAL201909070,605488,Jeffrey,Springs,P,54,Springs,L,L,A,TEX,140,TEX,140,0.0,0,0,4,1,5.72,U,P
BAL201909070,656271,Brock,Burke,P,70,Burke,L,L,A,TEX,140,TEX,140,0.0,0,0,0,1,3.52,U,U
BAL201909070,600917,Jose,Leclerc,P,25,Leclerc,R,R,A,TEX,140,TEX,140,0.0,0,0,2,4,4.15,U,U
BAL201909070,542888,Shawn,Armstrong,P,43,Armstrong,R,R,A,BAL,110,BAL,110,0.0,0,0,0,1,5.44,U,U
BAL201909070,542947,Richard,Bleier,P,48,Bleier,L,L,A,BAL,110,BAL,110,0.0,0,0,3,0,6.28,U,U
BAL201909070,600474,Pedro,Severino,C,28,"Severino, P",R,R,A,BAL,110,BAL,110,0.254,11,39,0,0,0.0,U,U
BAL201909070,641820,Trey,Mancini,RF,16,Mancini,R,R,A,BAL,110,BAL,110,0.277,30,77,0,0,0.0,2,DH
BAL201909070,592863,Mason,Williams,OF,40,"Williams, M",R,L,A,BAL,110,BAL,110,0.286,0,1,0,0,0.0,6,CF
BAL201909070,448801,Chris,Davis,1B,19,"Davis, C",R,L,A,BAL,110,BAL,110,0.173,10,34,0,0,0.0,8,1B
BAL201909070,623993,Anthony,Santander,LF,25,Santander,R,S,A,BAL,110,BAL,110,0.288,18,51,0,0,0.0,3,RF
BAL201909070,642851,Austin,Wynns,C,61,Wynns,R,R,A,BAL,110,BAL,110,0.227,0,3,0,0,0.0,9,C
BAL201909070,593679,Gabriel,Ynoa,P,64,"Ynoa, G",R,R,A,BAL,110,BAL,110,0.0,0,0,1,8,5.72,U,U
BAL201909070,640451,Hunter,Harvey,P,56,Harvey,R,R,A,BAL,110,BAL,110,0.0,0,0,1,0,1.69,U,U
BAL201909070,605276,David,Hess,P,41,Hess,R,R,A,BAL,110,BAL,110,0.0,0,0,1,10,7.44,U,U
BAL201909070,605156,Aaron,Brooks,P,38,Brooks,R,R,A,BAL,110,BAL,110,0.0,0,0,4,8,6.21,U,P
BAL201909070,547004,Rio,Ruiz,3B,14,"Ruiz, R",R,L,A,BAL,110,BAL,110,0.237,10,38,0,0,0.0,7,3B
BAL201909070,656945,Tanner,Scott,P,66,"Scott, Tan",L,R,A,BAL,110,BAL,110,0.0,0,0,1,0,4.91,U,U
BAL201909070,621389,Ty,Blach,P,53,Blach,L,R,A,BAL,110,BAL,110,0.0,0,0,1,2,10.95,U,U
BAL201909070,621466,DJ,Stewart,RF,24,"Stewart, D",R,L,A,BAL,110,BAL,110,0.232,0,3,0,0,0.0,U,U
BAL201909070,592859,Stevie,Wilkerson,CF,12,"Wilkerson, S",R,S,A,BAL,110,BAL,110,0.214,10,34,0,0,0.0,U,U
BAL201909070,669720,Austin,Hays,RF,21,Hays,R,R,A,BAL,110,BAL,110,0.0,0,0,0,0,0.0,6,CF
BAL201909070,600524,Renato,Nunez,3B,39,"Núñez, R",R,R,A,BAL,110,BAL,110,0.251,28,80,0,0,0.0,9,PH
BAL201909070,621006,Richie,Martin,SS,1,"Martin, Ri",R,R,A,BAL,110,BAL,110,0.2,5,18,0,0,0.0,U,U
BAL201909070,642082,Chance,Sisco,C,15,Sisco,R,L,A,BAL,110,BAL,110,0.217,8,20,0,0,0.0,9,C
BAL201909070,593643,Hanser,Alberto,2B,57,Alberto,R,R,A,BAL,110,BAL,110,0.318,11,47,0,0,0.0,5,2B
BAL201909070,643316,Paul,Fry,P,51,"Fry, P",L,L,A,BAL,110,BAL,110,0.0,0,0,1,8,5.08,U,U
BAL201909070,571858,Branden,Kline,P,52,Kline,R,R,A,BAL,110,BAL,110,0.0,0,0,1,4,7.08,U,P
BAL201909070,623465,Evan,Phillips,P,58,"Phillips, E",R,R,A,BAL,110,BAL,110,0.0,0,0,0,1,8.41,U,P
BAL201909070,571710,Mychal,Givens,P,60,Givens,R,R,A,BAL,110,BAL,110,0.0,0,0,2,5,4.02,U,U
BAL201909070,622253,Dillon,Tate,P,55,Tate,R,R,A,BAL,110,BAL,110,0.0,0,0,0,1,5.84,U,U
BAL201909070,592879,Asher,Wojciechowski,P,29,Wojciechowski,R,R,A,BAL,110,BAL,110,0.0,0,0,2,7,5.12,U,U
BAL201909070,605164,Dylan,Bundy,P,37,Bundy,R,S,A,BAL,110,BAL,110,0.0,0,0,6,13,5.06,U,U
BAL201909070,612434,Miguel,Castro,P,50,"Castro, M",R,R,A,BAL,110,BAL,110,0.0,0,0,1,2,4.39,U,U
BAL201909070,444432,Mark,Trumbo,D,45,Trumbo,R,R,A,BAL,110,BAL,110,0.333,0,3,0,0,0.0,U,U
BAL201909070,607644,John,Means,P,67,Means,L,L,A,BAL,110,BAL,110,1.0,0,0,10,10,3.5,U,U
BAL201909070,596105,Dwight,Smith Jr,LF,35,Smith Jr,R,L,A,BAL,110,BAL,110,0.233,12,48,0,0,0.0,4,LF
BAL201909070,542340,Jonathan,Villar,2B,2,Villar,R,S,A,BAL,110,BAL,110,0.278,20,62,0,0,0.0,1,SS
BAL201909070,605469,Chandler,Shepherd,P,62,Shepherd,R,R,A,BAL,110,BAL,110,0.0,0,0,0,0,3.86,U,P
BAL201909070,592280,Ryan,Eades,P,36,Eades,R,R,A,BAL,110,BAL,110,0.0,0,0,0,0,0.0,U,P
TBA201909070,666182,Bo,Bichette,SS,11,"Bichette, B",R,R,A,TOR,141,TOR,141,0.312,10,17,0,0,0.0,1,SS
TBA201909070,620446,Richard,Urena,SS,7,"Ureña, R",R,S,A,TOR,141,TOR,141,0.244,0,0,0,0,0.0,U,U
TBA201909070,641743,Anthony,Kay,P,70,Kay,L,L,A,TOR,141,TOR,141,0.0,0,0,0,0,3.18,U,P
TBA201909070,571704,Ken,Giles,P,51,Giles,R,R,A,TOR,141,TOR,141,0.0,0,0,2,3,2.05,U,U
TBA201909070,621097,Jacob,Waguespack,P,62,Waguespack,R,R,A,TOR,141,TOR,141,0.0,0,0,4,3,3.97,U,U
TBA201909070,642133,Rowdy,Tellez,1B,44,Tellez,L,L,A,TOR,141,TOR,141,0.219,17,45,0,0,0.0,3,1B
TBA201909070,546990,Anthony,Alford,CF,30,Alford,R,R,A,TOR,141,TOR,141,0.143,0,0,0,0,0.0,5,DH
TBA201909070,592094,Jason,Adam,P,48,Adam,R,R,A,TOR,141,TOR,141,0.0,0,0,1,0,4.3,U,P
TBA201909070,545341,Randal,Grichuk,CF,15,Grichuk,R,R,A,TOR,141,TOR,141,0.23,24,62,0,0,0.0,U,U
TBA201909070,592273,Brandon,Drury,3B,3,Drury,R,R,A,TOR,141,TOR,141,0.22,14,40,0,0,0.0,U,U
TBA201909070,605233,Derek,Fisher,RF,20,Fisher,R,L,A,TOR,141,TOR,141,0.194,6,14,0,0,0.0,9,LF
TBA201909070,641835,Tim,Mayza,P,58,Mayza,L,L,A,TOR,141,TOR,141,0.0,0,0,1,3,4.97,U,P
TBA201909070,641856,Billy,McKinney,LF,28,McKinney,L,L,A,TOR,141,TOR,141,0.213,9,23,0,0,0.0,8,RF
TBA201909070,643615,T.J.,Zeuch,P,71,Zeuch,R,R,A,TOR,141,TOR,141,0.0,0,0,0,0,4.5,U,U
TBA201909070,521655,Wilmer,Font,P,63,Font,R,R,A,TOR,141,TOR,141,0.333,0,0,3,4,4.42,U,U
TBA201909070,542953,Buddy,Boshers,P,67,Boshers,L,L,A,TOR,141,TOR,141,0.0,0,0,0,3,6.08,U,U
TBA201909070,453329,Clay,Buchholz,P,36,Buchholz,R,L,A,TOR,141,TOR,141,0.0,0,0,1,4,5.31,U,U
TBA201909070,475253,Justin,Smoak,1B,14,Smoak,L,S,A,TOR,141,TOR,141,0.212,20,55,0,0,0.0,5,DH
TBA201909070,543208,Sam,Gaviglio,P,43,Gaviglio,R,R,A,TOR,141,TOR,141,0.0,0,0,4,2,4.47,U,U
TBA201909070,624512,Reese,McGuire,C,10,McGuire,R,L,A,TOR,141,TOR,141,0.306,4,7,0,0,0.0,6,C
TBA201909070,453385,Clayton,Richard,P,2,Richard,L,L,A,TOR,141,TOR,141,0.0,0,0,1,5,5.96,U,U
TBA201909070,624415,Cavan,Biggio,2B,8,Biggio,R,L,A,TOR,141,TOR,141,0.207,12,35,0,0,0.0,2,2B
TBA201909070,606192,Teoscar,Hernandez,LF,37,"Hernández, T",R,R,A,TOR,141,TOR,141,0.218,21,53,0,0,0.0,9,PH
TBA201909070,663423,Trent,Thornton,P,57,Thornton,R,R,A,TOR,141,TOR,141,0.667,0,0,4,9,5.23,U,U
TBA201909070,623381,Thomas,Pannone,P,45,Pannone,L,L,A,TOR,141,TOR,141,0.0,0,0,3,5,6.35,U,U
TBA201909070,665489,Vladimir,Guerrero Jr.,3B,27,Guerrero Jr.,R,R,A,TOR,141,TOR,141,0.276,15,60,0,0,0.0,4,3B
TBA201909070,643376,Danny,Jansen,C,9,"Jansen, D",R,R,A,TOR,141,TOR,141,0.207,12,42,0,0,0.0,U,U
TBA201909070,592779,Brock,Stewart,P,35,Stewart,R,L,A,TOR,141,TOR,141,0.333,0,0,3,0,6.86,U,U
TBA201909070,596101,Justin,Shafer,P,50,Shafer,R,R,A,TOR,141,TOR,141,0.0,0,0,1,1,3.09,U,U
TBA201909070,571882,Derek,Law,P,64,"Law, D",R,R,A,TOR,141,TOR,141,0.0,0,0,0,2,4.89,U,P
TBA201909070,641505,Jonathan,Davis,CF,49,"Davis, J",R,R,A,TOR,141,TOR,141,0.158,1,3,0,0,0.0,7,CF
TBA201909070,605447,Jordan,Romano,P,68,"Romano, J",R,R,A,TOR,141,TOR,141,0.0,0,0,0,2,5.0,U,P
TBA201909070,572193,Ryan,Tepera,P,52,Tepera,R,R,A,TOR,141,TOR,141,0.0,0,0,0,2,5.93,U,P
TBA201909070,623433,Nick,Anderson,P,70,"Anderson, N",R,R,A,TB,139,TB,139,0.0,0,0,5,4,3.12,U,P
TBA201909070,571948,Hoby,Milner,P,60,"Milner, H",L,L,A,TB,139,TB,139,0.0,0,0,0,0,7.36,U,U
TBA201909070,664126,Peter,Fairbanks,P,44,Fairbanks,R,R,A,TB,139,TB,139,0.0,0,0,1,2,6.92,U,U
TBA201909070,640457,Austin,Meadows,RF,17,Meadows,L,L,A,TB,139,TB,139,0.287,27,77,0,0,0.0,3,LF
TBA201909070,641941,Emilio,Pagan,P,15,Pagán,R,L,A,TB,139,TB,139,0.0,0,0,3,2,2.19,U,U
TBA201909070,518595,Travis,d'Arnaud,C,37,d'Arnaud,R,R,A,TB,139,TB,139,0.248,16,60,0,0,0.0,8,C
TBA201909070,596847,Ji-Man,Choi,1B,26,Choi,R,L,A,TB,139,TB,139,0.258,13,49,0,0,0.0,5,PH
TBA201909070,663993,Nate,Lowe,1B,35,"Lowe, N",R,L,A,TB,139,TB,139,0.281,6,16,0,0,0.0,7,PH
TBA201909070,642232,Ryan,Yarbrough,P,48,Yarbrough,L,R,A,TB,139,TB,139,0.0,0,0,11,3,3.49,U,U
TBA201909070,572287,Mike,Zunino,C,10,Zunino,R,R,A,TB,139,TB,139,0.171,9,32,0,0,0.0,8,C
TBA201909070,656222,Jalen,Beeks,P,68,Beeks,L,L,A,TB,139,TB,139,0.0,0,0,6,3,4.32,U,U
TBA201909070,607455,Anthony,Banda,P,53,Banda,L,L,A,TB,139,TB,139,0.0,0,0,0,0,0.0,U,U
TBA201909070,502054,Tommy,Pham,LF,29,Pham,R,R,A,TB,139,TB,139,0.279,20,61,0,0,0.0,2,DH
TBA201909070,595281,Kevin,Kiermaier,CF,39,Kiermaier,R,L,A,TB,139,TB,139,0.24,13,53,0,0,0.0,6,CF
TBA201909070,670950,Trevor,Richards,P,34,Richards,R,R,A,TB,139,TB,139,0.1,0,0,4,12,4.27,U,U
TBA201909070,642121,Cole,Sulser,P,71,Sulser,R,R,A,TB,139,TB,139,0.0,0,0,0,0,0.0,U,U
TBA201909070,475054,Chaz,Roe,P,52,Roe,R,R,A,TB,139,TB,139,0.0,0,0,1,3,3.99,U,U
TBA201909070,541645,Avisail,Garcia,RF,24,"García, Av",R,R,A,TB,139,TB,139,0.272,18,63,0,0,0.0,1,RF
TBA201909070,621002,Daniel,Robertson,3B,28,"Robertson, D",R,R,A,TB,139,TB,139,0.21,2,17,0,0,0.0,9,SS
TBA201909070,621563,Joey,Wendle,2B,18,Wendle,R,L,A,TB,139,TB,139,0.226,1,13,0,0,0.0,7,3B
TBA201909070,643493,Austin,Pruitt,P,45,Pruitt,R,R,A,TB,139,TB,139,0.0,0,0,2,0,4.43,U,U
TBA201909070,670712,Michael,Brosseau,3B,43,Brosseau,R,R,A,TB,139,TB,139,0.282,6,16,0,0,0.0,5,2B
TBA201909070,628338,Guillermo,Heredia,CF,54,Heredia,L,R,A,TB,139,TB,139,0.22,4,17,0,0,0.0,U,U
TBA201909070,552640,Andrew,Kittredge,P,36,Kittredge,R,R,A,TB,139,TB,139,0.0,0,0,1,0,4.17,U,U
TBA201909070,519299,Eric,Sogard,2B,9,Sogard,R,L,A,TB,139,TB,139,0.296,13,40,0,0,0.0,U,U
TBA201909070,621363,Colin,Poche,P,38,Poche,L,L,A,TB,139,TB,139,0.0,0,0,4,4,4.57,U,P
TBA201909070,622110,Matt,Duffy,3B,5,"Duffy, M",R,R,A,TB,139,TB,139,0.216,0,8,0,0,0.0,5,3B
TBA201909070,642221,Kean,Wong,2B,31,"Wong, Ke",R,L,A,TB,139,TB,139,0.333,0,0,0,0,0.0,8,PH
TBA201909070,605421,Michael,Perez,C,7,"Perez, M",R,L,A,TB,139,TB,139,0.256,0,2,0,0,0.0,8,C
TBA201909070,642715,Willy,Adames,SS,1,Adames,R,R,A,TB,139,TB,139,0.249,17,43,0,0,0.0,7,SS
TBA201909070,542583,Jesus,Aguilar,1B,21,Aguilar,R,R,A,TB,139,TB,139,0.235,10,43,0,0,0.0,4,1B
TBA201909070,650895,Diego,Castillo,P,63,"Castillo, D",R,R,A,TB,139,TB,139,0.0,0,0,3,8,3.72,U,U
TBA201909070,656713,Brendan,McKay,P,49,McKay,L,L,A,TB,139,TB,139,0.0,0,0,2,3,5.03,U,U
TBA201909070,450203,Charlie,Morton,P,50,Morton,R,R,A,TB,139,TB,139,0.0,0,0,14,6,3.11,U,P
TBA201909070,543118,Oliver,Drake,P,47,Drake,R,R,A,TB,139,TB,139,1.0,0,1,4,2,3.89,U,P
ATL201909070,476451,Jeremy,Hellickson,P,58,Hellickson,R,R,A,WSH,120,WSH,120,0.111,0,0,2,3,6.23,U,U
ATL201909070,645302,Victor,Robles,CF,16,Robles,R,R,A,WSH,120,WSH,120,0.249,17,58,0,0,0.0,7,CF
ATL201909070,475582,Ryan,Zimmerman,1B,11,Zimmerman,R,R,A,WSH,120,WSH,120,0.244,5,22,0,0,0.0,6,1B
ATL201909070,543339,Daniel,Hudson,P,44,"Hudson, D",R,R,A,WSH,120,WSH,120,0.0,0,0,8,3,2.86,U,U
ATL201909070,594809,Adam,Eaton,RF,2,Eaton,L,L,A,WSH,120,WSH,120,0.285,12,42,0,0,0.0,2,RF
ATL201909070,593833,Wander,Suero,P,51,Suero,R,R,A,WSH,120,WSH,120,0.0,0,0,5,7,4.5,U,U
ATL201909070,519326,Hunter,Strickland,P,60,Strickland,R,R,A,WSH,120,WSH,120,0.0,0,0,2,1,5.09,9,P
ATL201909070,663432,Tanner,Rainey,P,21,Rainey,R,R,A,WSH,120,WSH,120,0.0,0,0,1,3,3.96,8,P
ATL201909070,502578,Aaron,Barrett,P,32,Barrett,R,R,A,WSH,120,WSH,120,0.0,0,0,0,0,0.0,9,P
ATL201909070,605452,Joe,Ross,P,41,"Ross, J",R,R,A,WSH,120,WSH,120,0.125,0,0,3,4,6.17,U,U
ATL201909070,571431,Matt,Adams,1B,15,"Adams, M",R,L,A,WSH,120,WSH,120,0.23,20,56,0,0,0.0,8,PH
ATL201909070,608723,Austin,Voth,P,50,Voth,R,R,A,WSH,120,WSH,120,0.0,0,0,1,1,4.0,9,P
ATL201909070,594694,Wilmer,Difo,2B,1,Difo,R,S,A,WSH,120,WSH,120,0.231,2,7,0,0,0.0,U,U
ATL201909070,543685,Anthony,Rendon,3B,6,Rendon,R,R,A,WSH,120,WSH,120,0.335,32,114,0,0,0.0,3,3B
ATL201909070,452678,Asdrubal,Cabrera,3B,13,"Cabrera, A",R,S,A,WSH,120,WSH,120,0.251,16,75,0,0,0.0,5,2B
ATL201909070,543228,Yan,Gomes,C,10,Gomes,R,R,A,WSH,120,WSH,120,0.213,7,31,0,0,0.0,8,C
ATL201909070,448281,Sean,Doolittle,P,63,Doolittle,L,L,A,WSH,120,WSH,120,0.0,0,0,6,4,4.09,8,P
ATL201909070,544931,Stephen,Strasburg,P,37,Strasburg,R,R,A,WSH,120,WSH,120,0.169,1,9,16,6,3.5,U,U
ATL201909070,435559,Kurt,Suzuki,C,28,Suzuki,R,R,A,WSH,120,WSH,120,0.26,16,58,0,0,0.0,9,C
ATL201909070,453286,Max,Scherzer,P,31,Scherzer,R,R,A,WSH,120,WSH,120,0.17,0,2,9,5,2.6,U,U
ATL201909070,600466,Raudy,Read,C,65,Read,R,R,A,WSH,120,WSH,120,0.0,0,0,0,0,0.0,5,C
ATL201909070,606273,Roenis,Elias,P,29,Elías,L,L,A,WSH,120,WSH,120,0.0,0,0,4,2,3.96,U,U
ATL201909070,664057,Andrew,Stevenson,LF,17,Stevenson,L,L,A,WSH,120,WSH,120,0.348,0,0,0,0,0.0,9,PH
ATL201909070,571578,Patrick,Corbin,P,46,Corbin,L,L,A,WSH,120,WSH,120,0.069,0,3,11,7,3.16,U,U
ATL201909070,407845,Fernando,Rodney,P,56,Rodney,R,R,A,WSH,120,WSH,120,0.0,0,0,0,5,5.54,U,U
ATL201909070,665742,Juan,Soto,LF,22,Soto,L,L,A,WSH,120,WSH,120,0.297,32,100,0,0,0.0,4,LF
ATL201909070,572821,Brian,Dozier,2B,9,"Dozier, B",R,R,A,WSH,120,WSH,120,0.235,19,45,0,0,0.0,9,2B
ATL201909070,467827,Gerardo,Parra,LF,88,Parra,L,L,A,WSH,120,WSH,120,0.219,7,37,0,0,0.0,9,PH
ATL201909070,435062,Howie,Kendrick,3B,47,Kendrick,R,R,A,WSH,120,WSH,120,0.326,14,56,0,0,0.0,8,PH
ATL201909070,607200,Erick,Fedde,P,23,Fedde,R,R,A,WSH,120,WSH,120,0.133,0,0,4,2,4.19,U,U
ATL201909070,506703,Adrian,Sanchez,SS,5,"Sanchez, Ad",R,R,A,WSH,120,WSH,120,0.241,0,1,0,0,0.0,U,U
ATL201909070,434671,Anibal,Sanchez,P,19,"Sánchez, An",R,R,A,WSH,120,WSH,120,0.111,0,1,8,7,4.11,U,U
ATL201909070,572191,Michael A.,Taylor,CF,3,"Taylor, M",R,R,A,WSH,120,WSH,120,0.213,0,2,0,0,0.0,U,U
ATL201909070,607208,Trea,Turner,SS,7,Turner,R,R,A,WSH,120,WSH,120,0.3,13,46,0,0,0.0,1,SS
ATL201909070,457915,Javy,Guerra,P,48,"Guerra, Ja",R,R,A,WSH,120,WSH,120,0.0,0,0,3,1,4.5,U,U
ATL201909070,622666,Johan,Camargo,3B,17,Camargo,R,S,A,ATL,144,ATL,144,0.226,6,31,0,0,0.0,6,PH
ATL201909070,594807,Adam,Duvall,LF,23,Duvall,R,R,A,ATL,144,ATL,144,0.244,6,11,0,0,0.0,U,U
ATL201909070,668683,Jeremy,Walker,P,63,"Walker, J",R,R,A,ATL,144,ATL,144,0.0,0,0,0,0,1.42,U,U
ATL201909070,592426,Luke,Jackson,P,77,"Jackson, L",R,R,A,ATL,144,ATL,144,0.0,0,0,8,2,3.97,U,U
ATL201909070,518692,Freddie,Freeman,1B,5,Freeman,R,L,A,ATL,144,ATL,144,0.3,38,115,0,0,0.0,3,1B
ATL201909070,503285,Darren,O'Day,P,56,O'Day,R,R,A,ATL,144,ATL,144,0.0,0,0,0,0,0.0,9,P
ATL201909070,527054,Julio,Teheran,P,49,Teheran,R,R,A,ATL,144,ATL,144,0.115,0,4,10,8,3.31,9,P
ATL201909070,465041,Francisco,Cervelli,C,45,Cervelli,R,R,A,ATL,144,ATL,144,0.223,1,8,0,0,0.0,U,U
ATL201909070,621345,A.J.,Minter,P,33,Minter,L,L,A,ATL,144,ATL,144,0.0,0,0,3,4,7.24,U,U
ATL201909070,647336,Mike,Soroka,P,40,Soroka,R,R,A,ATL,144,ATL,144,0.087,0,3,11,3,2.53,U,U
ATL201909070,518626,Josh,Donaldson,3B,20,Donaldson,R,R,A,ATL,144,ATL,144,0.263,36,85,0,0,0.0,4,3B
ATL201909070,588751,Adeiny,Hechavarria,2B,24,Hechavarria,R,R,A,ATL,144,ATL,144,0.219,6,27,0,0,0.0,8,SS
ATL201909070,459964,Matt,Joyce,LF,14,Joyce,R,L,A,ATL,144,ATL,144,0.289,6,20,0,0,0.0,6,RF
ATL201909070,453343,Mark,Melancon,P,36,Melancon,R,R,A,ATL,144,ATL,144,0.0,0,0,5,2,3.98,6,P
ATL201909070,660670,Ronald,Acuna,LF,13,Acuña Jr.,R,R,A,ATL,144,ATL,144,0.281,37,93,0,0,0.0,1,RF
ATL201909070,518586,Charlie,Culberson,LF,8,Culberson,R,R,A,ATL,144,ATL,144,0.264,4,19,0,0,0.0,U,U
ATL201909070,592314,Mike,Foltynewicz,P,26,Foltynewicz,R,R,A,ATL,144,ATL,144,0.04,0,1,5,5,5.28,U,U
ATL201909070,452095,Tyler,Flowers,C,25,Flowers,R,R,A,ATL,144,ATL,144,0.238,10,31,0,0,0.0,U,U
ATL201909070,645277,Ozzie,Albies,2B,1,Albies,R,S,A,ATL,144,ATL,144,0.289,21,75,0,0,0.0,2,2B
ATL201909070,572888,Shane,Greene,P,19,Greene,R,R,A,ATL,144,ATL,144,0.0,0,0,0,3,2.24,6,P
ATL201909070,621020,Dansby,Swanson,SS,7,Swanson,R,R,A,ATL,144,ATL,144,0.254,17,60,0,0,0.0,U,U
ATL201909070,608331,Max,Fried,P,54,Fried,L,L,A,ATL,144,ATL,144,0.22,0,3,16,4,3.86,U,U
ATL201909070,663586,Austin,Riley,LF,27,"Riley, A",R,R,A,ATL,144,ATL,144,0.237,17,45,0,0,0.0,7,LF
ATL201909070,656794,Sean,Newcomb,P,15,Newcomb,L,L,A,ATL,144,ATL,144,0.0,0,0,6,3,3.19,9,P
ATL201909070,460283,Jerry,Blevins,P,50,Blevins,L,L,A,ATL,144,ATL,144,0.0,0,0,1,0,3.9,U,U
ATL201909070,571740,Billy,Hamilton,CF,9,Hamilton,R,S,A,ATL,144,ATL,144,0.216,0,14,0,0,0.0,7,CF
ATL201909070,572971,Dallas,Keuchel,P,60,Keuchel,L,L,A,ATL,144,ATL,144,0.129,0,2,7,5,3.47,U,U
ATL201909070,435263,Brian,McCann,C,16,"McCann, B",R,L,A,ATL,144,ATL,144,0.26,11,42,0,0,0.0,5,C
ATL201909070,461872,Anthony,Swarzak,P,38,Swarzak,R,R,A,ATL,144,ATL,144,0.0,0,0,3,4,3.88,U,U
ATL201909070,656977,Chad,Sobotka,P,61,Sobotka,R,R,A,ATL,144,ATL,144,0.0,0,0,0,0,5.54,U,U
ATL201909070,542364,Rafael,Ortega,LF,18,Ortega,R,L,A,ATL,144,ATL,144,0.224,1,7,0,0,0.0,9,LF
ATL201909070,455119,Chris,Martin,P,51,"Martin, Ch",R,R,A,ATL,144,ATL,144,0.0,0,0,1,3,3.68,U,U
ATL201909070,458708,Josh,Tomlin,P,32,Tomlin,R,R,A,ATL,144,ATL,144,0.0,0,0,2,1,3.91,9,P
