retro_game_id,year,month,day,st_fl,regseason_fl,playoff_fl,game_type,game_type_des,local_game_time,game_id,home_team_id,away_team_id,home_team_lg,away_team_lg,interleague_fl,park_id,park_name,inning_number,home_id,park_location,b,s,o,des,event,player_mlbid,player_first_name,player_last_name,player_box_name,pitch,event_num,home_team_runs,away_team_runs
NYN201909100,2019,9,10,F,T,F,R,Regular Season,19:10,566058,nyn,ari,NL,NL,F,3289,Citi Field,1,0,"Flushing, NY",0,2,1,Ketel Marte steals (10) 2nd base.,Stolen Base 2B,606466,Ketel,Marte,"Marte, K",2,12,0,0
NYN201909100,2019,9,10,F,T,F,R,Regular Season,19:10,566058,nyn,ari,NL,NL,F,3289,Citi Field,4,1,"Flushing, NY",0,0,1,Mound Visit.,Game Advisory,554430,Zack,Wheeler,Wheeler,1,45,3,1
NYN201909100,2019,9,10,F,T,F,R,Regular Season,19:10,566058,nyn,ari,NL,NL,F,3289,Citi Field,7,0,"Flushing, NY",0,0,2,Offensive Substitution: Pinch-hitter Jake Lamb replaces Zac Gallen.,Offensive Substitution,571875,Jake,Lamb,Lamb,1,15,3,1
NYN201909100,2019,9,10,F,T,F,R,Regular Season,19:10,566058,nyn,ari,NL,NL,F,3289,Citi Field,7,1,"Flushing, NY",0,0,0,"Pitching Change: Jimmie Sherfy replaces Zac Gallen, batting 9th.",Pitching Substitution,642073,Jimmie,Sherfy,Sherfy,1,23,3,1
NYN201909100,2019,9,10,F,T,F,R,Regular Season,19:10,566058,nyn,ari,NL,NL,F,3289,Citi Field,7,1,"Flushing, NY",0,0,1,Offensive Substitution: Pinch-hitter Luis Guillorme replaces Zack Wheeler.,Offensive Substitution,641645,Luis,Guillorme,Guillorme,1,26,3,1
NYN201909100,2019,9,10,F,T,F,R,Regular Season,19:10,566058,nyn,ari,NL,NL,F,3289,Citi Field,7,1,"Flushing, NY",0,0,2,Mound Visit.,Game Advisory,643446,Jeff,McNeil,McNeil,1,29,3,1
NYN201909100,2019,9,10,F,T,F,R,Regular Season,19:10,566058,nyn,ari,NL,NL,F,3289,Citi Field,7,1,"Flushing, NY",0,0,2,"Pitching Change: T.  J. McFarland replaces Jimmie Sherfy, batting 9th, replacing pitcher Jimmie Sherfy.",Pitching Substitution,519008,T.J.,McFarland,McFarland,1,30,3,1
NYN201909100,2019,9,10,F,T,F,R,Regular Season,19:10,566058,nyn,ari,NL,NL,F,3289,Citi Field,8,0,"Flushing, NY",0,0,0,"Pitching Change: Brad Brach replaces Zack Wheeler, batting 9th.",Pitching Substitution,542960,Brad,Brach,Brach,1,1,3,1
NYN201909100,2019,9,10,F,T,F,R,Regular Season,19:10,566058,nyn,ari,NL,NL,F,3289,Citi Field,8,0,"Flushing, NY",0,2,1,Mound Visit.,Game Advisory,500871,Eduardo,Escobar,"Escobar, E",2,9,3,1
NYN201909100,2019,9,10,F,T,F,R,Regular Season,19:10,566058,nyn,ari,NL,NL,F,3289,Citi Field,8,0,"Flushing, NY",0,0,2,Mound Visit.,Game Advisory,668942,Josh,Rojas,Rojas,1,19,3,2
NYN201909100,2019,9,10,F,T,F,R,Regular Season,19:10,566058,nyn,ari,NL,NL,F,3289,Citi Field,8,0,"Flushing, NY",0,0,2,"Pitching Change: Justin Wilson replaces Brad Brach, batting 9th, replacing pitcher Brad Brach.",Pitching Substitution,458677,Justin,Wilson,"Wilson, J",1,20,3,2
NYN201909100,2019,9,10,F,T,F,R,Regular Season,19:10,566058,nyn,ari,NL,NL,F,3289,Citi Field,8,0,"Flushing, NY",1,2,2,Josh Rojas steals (2) 2nd base.,Stolen Base 2B,668942,Josh,Rojas,Rojas,4,28,3,2
NYN201909100,2019,9,10,F,T,F,R,Regular Season,19:10,566058,nyn,ari,NL,NL,F,3289,Citi Field,8,0,"Flushing, NY",1,2,2,Mound Visit.,Game Advisory,430945,Adam,Jones,"Jones, A",4,29,3,2
NYN201909100,2019,9,10,F,T,F,R,Regular Season,19:10,566058,nyn,ari,NL,NL,F,3289,Citi Field,8,1,"Flushing, NY",0,0,0,"Pitching Change: Stefan Crichton replaces T.  J. McFarland, batting 9th, replacing pitcher T.  J. McFarland.",Pitching Substitution,592233,Stefan,Crichton,Crichton,1,44,3,2
NYN201909100,2019,9,10,F,T,F,R,Regular Season,19:10,566058,nyn,ari,NL,NL,F,3289,Citi Field,9,0,"Flushing, NY",0,0,0,"Defensive Substitution: Juan Lagares replaces center fielder Brandon Nimmo, batting 7th, playing center field.",Defensive Sub,501571,Juan,Lagares,Lagares,1,1,3,2
NYN201909100,2019,9,10,F,T,F,R,Regular Season,19:10,566058,nyn,ari,NL,NL,F,3289,Citi Field,9,0,"Flushing, NY",0,0,0,Offensive Substitution: Pinch-hitter Carson Kelly replaces Alex Avila.,Offensive Substitution,608348,Carson,Kelly,"Kelly, C",1,10,3,2
NYN201909100,2019,9,10,F,T,F,R,Regular Season,19:10,566058,nyn,ari,NL,NL,F,3289,Citi Field,9,0,"Flushing, NY",0,0,1,Offensive Substitution: Pinch-hitter Kevin Cron replaces Stefan Crichton.,Offensive Substitution,605196,Kevin,Cron,"Cron, K",1,21,3,2
NYN201909100,2019,9,10,F,T,F,R,Regular Season,19:10,566058,nyn,ari,NL,NL,F,3289,Citi Field,9,0,"Flushing, NY",0,0,1,Offensive Substitution: Pinch-runner Tim Locastro replaces Kevin Cron.,Offensive Substitution,641796,Tim,Locastro,Locastro,1,26,3,2
PHI201909100,2019,9,10,F,T,F,R,Regular Season,19:05,567132,phi,atl,NL,NL,F,2681,Citizens Bank Park,1,1,"Philadelphia, PA",0,0,1,Mound Visit.,Game Advisory,664068,Scott,Kingery,Kingery,1,34,2,0
PHI201909100,2019,9,10,F,T,F,R,Regular Season,19:05,567132,phi,atl,NL,NL,F,2681,Citizens Bank Park,3,0,"Philadelphia, PA",0,0,1,Mound Visit.,Game Advisory,621020,Dansby,Swanson,Swanson,1,38,4,1
PHI201909100,2019,9,10,F,T,F,R,Regular Season,19:05,567132,phi,atl,NL,NL,F,2681,Citizens Bank Park,4,0,"Philadelphia, PA",0,0,0,"Pitching Change: Nick Vincent replaces Jason Vargas, batting 9th, replacing pitcher Jason Vargas.",Pitching Substitution,543883,Nick,Vincent,Vincent,1,1,5,4
PHI201909100,2019,9,10,F,T,F,R,Regular Season,19:05,567132,phi,atl,NL,NL,F,2681,Citizens Bank Park,4,0,"Philadelphia, PA",0,0,2,Mound Visit.,Game Advisory,518626,Josh,Donaldson,Donaldson,1,24,5,4
PHI201909100,2019,9,10,F,T,F,R,Regular Season,19:05,567132,phi,atl,NL,NL,F,2681,Citizens Bank Park,4,1,"Philadelphia, PA",0,0,2,Offensive Substitution: Pinch-hitter Jose Pirela replaces Nick Vincent.,Offensive Substitution,517369,Jose,Pirela,Pirela,1,34,5,4
PHI201909100,2019,9,10,F,T,F,R,Regular Season,19:05,567132,phi,atl,NL,NL,F,2681,Citizens Bank Park,5,0,"Philadelphia, PA",0,0,0,"Pitching Change: Blake Parker replaces Nick Vincent, batting 9th.",Pitching Substitution,453284,Blake,Parker,Parker,1,1,5,4
PHI201909100,2019,9,10,F,T,F,R,Regular Season,19:05,567132,phi,atl,NL,NL,F,2681,Citizens Bank Park,6,0,"Philadelphia, PA",0,0,1,Offensive Substitution: Pinch-hitter Rafael Ortega replaces Max Fried.,Offensive Substitution,542364,Rafael,Ortega,Ortega,1,7,5,4
PHI201909100,2019,9,10,F,T,F,R,Regular Season,19:05,567132,phi,atl,NL,NL,F,2681,Citizens Bank Park,6,1,"Philadelphia, PA",0,0,0,"Pitching Change: Darren O'Day replaces Max Fried, batting 9th.",Pitching Substitution,503285,Darren,O'Day,O'Day,1,21,5,4
PHI201909100,2019,9,10,F,T,F,R,Regular Season,19:05,567132,phi,atl,NL,NL,F,2681,Citizens Bank Park,6,1,"Philadelphia, PA",0,0,1,Mound Visit.,Game Advisory,572816,Corey,Dickerson,"Dickerson, C",1,24,5,4
PHI201909100,2019,9,10,F,T,F,R,Regular Season,19:05,567132,phi,atl,NL,NL,F,2681,Citizens Bank Park,6,1,"Philadelphia, PA",0,0,1,"Pitching Change: A.  J. Minter replaces Darren O'Day, batting 9th, replacing pitcher Darren O'Day.",Pitching Substitution,621345,A.J.,Minter,Minter,1,25,5,4
PHI201909100,2019,9,10,F,T,F,R,Regular Season,19:05,567132,phi,atl,NL,NL,F,2681,Citizens Bank Park,7,0,"Philadelphia, PA",0,0,0,"Pitching Change: Ranger Suarez replaces Blake Parker, batting 9th, replacing pitcher Blake Parker.",Pitching Substitution,624133,Ranger,Suarez,"Suarez, R",1,1,6,4
PHI201909100,2019,9,10,F,T,F,R,Regular Season,19:05,567132,phi,atl,NL,NL,F,2681,Citizens Bank Park,7,0,"Philadelphia, PA",0,0,1,Mound Visit.,Game Advisory,518626,Josh,Donaldson,Donaldson,1,13,6,4
PHI201909100,2019,9,10,F,T,F,R,Regular Season,19:05,567132,phi,atl,NL,NL,F,2681,Citizens Bank Park,7,0,"Philadelphia, PA",0,0,1,"Defensive Substitution: Maikel Franco replaces pitcher Ranger Suarez, batting 9th, playing third base.",Defensive Sub,596748,Maikel,Franco,Franco,1,14,6,4
PHI201909100,2019,9,10,F,T,F,R,Regular Season,19:05,567132,phi,atl,NL,NL,F,2681,Citizens Bank Park,7,0,"Philadelphia, PA",0,0,1,"Pitching Change: Jared Hughes replaces Ranger Suarez, batting 8th, replacing third baseman Sean Rodriguez.",Pitching Substitution,453172,Jared,Hughes,Hughes,1,15,6,4
PHI201909100,2019,9,10,F,T,F,R,Regular Season,19:05,567132,phi,atl,NL,NL,F,2681,Citizens Bank Park,7,1,"Philadelphia, PA",0,0,0,"Pitching Change: Anthony Swarzak replaces A.  J. Minter, batting 9th, replacing pitcher A.  J. Minter.",Pitching Substitution,461872,Anthony,Swarzak,Swarzak,1,23,6,4
PHI201909100,2019,9,10,F,T,F,R,Regular Season,19:05,567132,phi,atl,NL,NL,F,2681,Citizens Bank Park,7,1,"Philadelphia, PA",0,0,2,Mound Visit.,Game Advisory,547180,Bryce,Harper,Harper,1,30,6,4
PHI201909100,2019,9,10,F,T,F,R,Regular Season,19:05,567132,phi,atl,NL,NL,F,2681,Citizens Bank Park,7,1,"Philadelphia, PA",0,0,2,"Pitching Change: Jerry Blevins replaces Anthony Swarzak, batting 9th, replacing pitcher Anthony Swarzak.",Pitching Substitution,460283,Jerry,Blevins,Blevins,1,31,6,4
PHI201909100,2019,9,10,F,T,F,R,Regular Season,19:05,567132,phi,atl,NL,NL,F,2681,Citizens Bank Park,8,1,"Philadelphia, PA",0,0,0,"Pitching Change: Chad Sobotka replaces Jerry Blevins, batting 9th, replacing pitcher Jerry Blevins.",Pitching Substitution,656977,Chad,Sobotka,Sobotka,1,21,6,5
PHI201909100,2019,9,10,F,T,F,R,Regular Season,19:05,567132,phi,atl,NL,NL,F,2681,Citizens Bank Park,8,1,"Philadelphia, PA",1,2,2,On-field Delay.,Game Advisory,514917,Cesar,Hernandez,"Hernández, C",5,31,6,5
PHI201909100,2019,9,10,F,T,F,R,Regular Season,19:05,567132,phi,atl,NL,NL,F,2681,Citizens Bank Park,8,1,"Philadelphia, PA",0,0,2,Mound Visit.,Game Advisory,453172,Jared,Hughes,Hughes,1,35,6,5
PHI201909100,2019,9,10,F,T,F,R,Regular Season,19:05,567132,phi,atl,NL,NL,F,2681,Citizens Bank Park,8,1,"Philadelphia, PA",0,0,2,Offensive Substitution: Pinch-hitter Jay Bruce replaces Jared Hughes.,Offensive Substitution,457803,Jay,Bruce,Bruce,1,36,6,5
PHI201909100,2019,9,10,F,T,F,R,Regular Season,19:05,567132,phi,atl,NL,NL,F,2681,Citizens Bank Park,9,0,"Philadelphia, PA",0,0,0,"Pitching Change: Hector Neris replaces Jared Hughes, batting 8th.",Pitching Substitution,593576,Hector,Neris,Neris,1,1,6,5
PHI201909100,2019,9,10,F,T,F,R,Regular Season,19:05,567132,phi,atl,NL,NL,F,2681,Citizens Bank Park,9,0,"Philadelphia, PA",0,0,0,Offensive Substitution: Pinch-hitter Matt Joyce replaces Chad Sobotka.,Offensive Substitution,459964,Matt,Joyce,Joyce,1,2,6,5
TOR201909100,2019,9,10,F,T,F,R,Regular Season,19:07,566933,tor,bos,AL,AL,F,14,Rogers Centre,1,0,"Toronto, ON",1,0,1,"Rafael Devers out at 2nd, catcher Reese McGuire to second baseman Cavan Biggio.",Runner Out,646240,Rafael,Devers,Devers,1,12,0,1
TOR201909100,2019,9,10,F,T,F,R,Regular Season,19:07,566933,tor,bos,AL,AL,F,14,Rogers Centre,1,0,"Toronto, ON",0,0,2,Mound Visit.,Game Advisory,643217,Andrew,Benintendi,Benintendi,1,29,0,1
TOR201909100,2019,9,10,F,T,F,R,Regular Season,19:07,566933,tor,bos,AL,AL,F,14,Rogers Centre,4,1,"Toronto, ON",0,0,2,Mound Visit.,Game Advisory,666182,Bo,Bichette,"Bichette, B",1,29,2,1
TOR201909100,2019,9,10,F,T,F,R,Regular Season,19:07,566933,tor,bos,AL,AL,F,14,Rogers Centre,5,0,"Toronto, ON",0,0,1,Mound Visit.,Game Advisory,519048,Mitch,Moreland,Moreland,1,17,2,2
TOR201909100,2019,9,10,F,T,F,R,Regular Season,19:07,566933,tor,bos,AL,AL,F,14,Rogers Centre,5,0,"Toronto, ON",0,0,1,Pitching Change: Buddy Boshers replaces T.  J. Zeuch.,Pitching Substitution,542953,Buddy,Boshers,Boshers,1,18,2,2
TOR201909100,2019,9,10,F,T,F,R,Regular Season,19:07,566933,tor,bos,AL,AL,F,14,Rogers Centre,5,0,"Toronto, ON",0,0,2,Mound Visit.,Game Advisory,543877,Christian,Vazquez,Vázquez,1,35,2,3
TOR201909100,2019,9,10,F,T,F,R,Regular Season,19:07,566933,tor,bos,AL,AL,F,14,Rogers Centre,5,0,"Toronto, ON",0,0,2,Pitching Change: Justin Shafer replaces Buddy Boshers.,Pitching Substitution,596101,Justin,Shafer,Shafer,1,36,2,3
TOR201909100,2019,9,10,F,T,F,R,Regular Season,19:07,566933,tor,bos,AL,AL,F,14,Rogers Centre,5,0,"Toronto, ON",3,0,2,Andrew Benintendi steals (10) 2nd base.,Stolen Base 2B,643217,Andrew,Benintendi,Benintendi,3,37,2,3
TOR201909100,2019,9,10,F,T,F,R,Regular Season,19:07,566933,tor,bos,AL,AL,F,14,Rogers Centre,5,1,"Toronto, ON",0,0,1,Pitching Change: Josh Taylor replaces Nathan Eovaldi.,Pitching Substitution,657031,Josh,Taylor,"Taylor, J",1,57,2,3
TOR201909100,2019,9,10,F,T,F,R,Regular Season,19:07,566933,tor,bos,AL,AL,F,14,Rogers Centre,6,1,"Toronto, ON",0,0,0,Pitching Change: Brian Johnson replaces Josh Taylor.,Pitching Substitution,598271,Brian,Johnson,"Johnson, B",1,21,4,3
TOR201909100,2019,9,10,F,T,F,R,Regular Season,19:07,566933,tor,bos,AL,AL,F,14,Rogers Centre,6,1,"Toronto, ON",1,0,0,Passed ball by catcher Christian Vazquez.   Reese McGuire to 2nd.,Passed Ball,624512,Reese,McGuire,McGuire,1,24,4,3
TOR201909100,2019,9,10,F,T,F,R,Regular Season,19:07,566933,tor,bos,AL,AL,F,14,Rogers Centre,6,1,"Toronto, ON",0,0,1,Offensive Substitution: Pinch-hitter Teoscar Hernandez replaces Derek Fisher.,Offensive Substitution,606192,Teoscar,Hernandez,"Hernández, T",1,29,4,3
TOR201909100,2019,9,10,F,T,F,R,Regular Season,19:07,566933,tor,bos,AL,AL,F,14,Rogers Centre,6,1,"Toronto, ON",0,0,1,Mound Visit.,Game Advisory,666182,Bo,Bichette,"Bichette, B",1,32,4,3
TOR201909100,2019,9,10,F,T,F,R,Regular Season,19:07,566933,tor,bos,AL,AL,F,14,Rogers Centre,6,1,"Toronto, ON",0,0,1,Pitching Change: Ryan Brasier replaces Brian Johnson.,Pitching Substitution,518489,Ryan,Brasier,Brasier,1,33,4,3
TOR201909100,2019,9,10,F,T,F,R,Regular Season,19:07,566933,tor,bos,AL,AL,F,14,Rogers Centre,6,1,"Toronto, ON",0,0,2,Mound Visit.,Game Advisory,665489,Vladimir,Guerrero Jr.,Guerrero Jr.,1,43,4,3
TOR201909100,2019,9,10,F,T,F,R,Regular Season,19:07,566933,tor,bos,AL,AL,F,14,Rogers Centre,7,0,"Toronto, ON",0,0,0,Teoscar Hernandez remains in the game as the left fielder.,Defensive Switch,606192,Teoscar,Hernandez,"Hernández, T",1,1,4,3
TOR201909100,2019,9,10,F,T,F,R,Regular Season,19:07,566933,tor,bos,AL,AL,F,14,Rogers Centre,7,0,"Toronto, ON",0,0,0,Pitching Change: Derek Law replaces Justin Shafer.,Pitching Substitution,571882,Derek,Law,"Law, D",1,2,4,3
TOR201909100,2019,9,10,F,T,F,R,Regular Season,19:07,566933,tor,bos,AL,AL,F,14,Rogers Centre,7,1,"Toronto, ON",0,0,0,Pitching Change: Andrew Cashner replaces Ryan Brasier.,Pitching Substitution,488768,Andrew,Cashner,Cashner,1,28,4,3
TOR201909100,2019,9,10,F,T,F,R,Regular Season,19:07,566933,tor,bos,AL,AL,F,14,Rogers Centre,8,0,"Toronto, ON",0,0,0,Pitching Change: Tim Mayza replaces Derek Law.,Pitching Substitution,641835,Tim,Mayza,Mayza,1,1,4,3
TOR201909100,2019,9,10,F,T,F,R,Regular Season,19:07,566933,tor,bos,AL,AL,F,14,Rogers Centre,8,0,"Toronto, ON",0,0,2,Mound Visit.,Game Advisory,543877,Christian,Vazquez,Vázquez,1,17,4,3
TOR201909100,2019,9,10,F,T,F,R,Regular Season,19:07,566933,tor,bos,AL,AL,F,14,Rogers Centre,8,0,"Toronto, ON",0,0,2,Pitching Change: Jordan Romano replaces Tim Mayza.,Pitching Substitution,605447,Jordan,Romano,"Romano, J",1,18,4,3
TOR201909100,2019,9,10,F,T,F,R,Regular Season,19:07,566933,tor,bos,AL,AL,F,14,Rogers Centre,8,1,"Toronto, ON",0,0,0,Pitching Change: Matt Barnes replaces Andrew Cashner.,Pitching Substitution,598264,Matt,Barnes,"Barnes, M",1,27,4,3
TOR201909100,2019,9,10,F,T,F,R,Regular Season,19:07,566933,tor,bos,AL,AL,F,14,Rogers Centre,9,0,"Toronto, ON",0,0,0,Pitching Change: Ken Giles replaces Jordan Romano.,Pitching Substitution,571704,Ken,Giles,Giles,1,1,4,3
TOR201909100,2019,9,10,F,T,F,R,Regular Season,19:07,566933,tor,bos,AL,AL,F,14,Rogers Centre,9,0,"Toronto, ON",0,0,1,Offensive Substitution: Pinch-hitter Brock Holt replaces Chris Owings.,Offensive Substitution,571788,Brock,Holt,Holt,1,12,4,3
TOR201909100,2019,9,10,F,T,F,R,Regular Season,19:07,566933,tor,bos,AL,AL,F,14,Rogers Centre,9,0,"Toronto, ON",0,0,1,Offensive Substitution: Pinch-runner Gorkys Hernandez replaces Brock Holt.,Offensive Substitution,491676,Gorkys,Hernandez,"Hernández, G",1,20,4,3
TOR201909100,2019,9,10,F,T,F,R,Regular Season,19:07,566933,tor,bos,AL,AL,F,14,Rogers Centre,9,0,"Toronto, ON",1,2,1,Gorkys Hernandez steals (1) 2nd base.,Stolen Base 2B,491676,Gorkys,Hernandez,"Hernández, G",3,21,4,3
TOR201909100,2019,9,10,F,T,F,R,Regular Season,19:07,566933,tor,bos,AL,AL,F,14,Rogers Centre,9,0,"Toronto, ON",1,2,1,Injury Delay.,Game Advisory,593523,Marco,Hernandez,"Hernandez, M",3,22,4,3
TOR201909100,2019,9,10,F,T,F,R,Regular Season,19:07,566933,tor,bos,AL,AL,F,14,Rogers Centre,9,0,"Toronto, ON",0,0,2,Mound Visit.,Game Advisory,646240,Rafael,Devers,Devers,1,41,4,3
TOR201909100,2019,9,10,F,T,F,R,Regular Season,19:07,566933,tor,bos,AL,AL,F,14,Rogers Centre,9,0,"Toronto, ON",2,0,2,Mound Visit.,Game Advisory,646240,Rafael,Devers,Devers,2,42,4,3
SDN201909100,2019,9,10,F,T,F,R,Regular Season,19:10,566347,sdn,chn,NL,NL,F,2680,Petco Park,2,1,"San Diego, CA",0,0,1,Mound Visit.,Game Advisory,671790,Ronald,Bolanos,Bolaños,1,54,1,2
SDN201909100,2019,9,10,F,T,F,R,Regular Season,19:10,566347,sdn,chn,NL,NL,F,2680,Petco Park,4,0,"San Diego, CA",0,0,1,Mound Visit.,Game Advisory,663538,Nico,Hoerner,Hoerner,1,12,6,2
SDN201909100,2019,9,10,F,T,F,R,Regular Season,19:10,566347,sdn,chn,NL,NL,F,2680,Petco Park,4,0,"San Diego, CA",0,0,1,Offensive Substitution: Pinch-hitter Ian Happ replaces Jose Quintana.,Offensive Substitution,664023,Ian,Happ,"Happ, I",1,21,6,2
SDN201909100,2019,9,10,F,T,F,R,Regular Season,19:10,566347,sdn,chn,NL,NL,F,2680,Petco Park,4,0,"San Diego, CA",0,0,1,Mound Visit.,Game Advisory,664023,Ian,Happ,"Happ, I",1,22,6,2
SDN201909100,2019,9,10,F,T,F,R,Regular Season,19:10,566347,sdn,chn,NL,NL,F,2680,Petco Park,4,0,"San Diego, CA",1,1,1,Wild pitch by pitcher Ronald Bolanos.   Jason Heyward to 3rd.    Nico Hoerner to 2nd.,Wild Pitch,518792,Jason,Heyward,Heyward,2,23,6,2
SDN201909100,2019,9,10,F,T,F,R,Regular Season,19:10,566347,sdn,chn,NL,NL,F,2680,Petco Park,4,0,"San Diego, CA",1,2,2,Injury Delay.,Game Advisory,450314,Ben,Zobrist,Zobrist,4,34,6,3
SDN201909100,2019,9,10,F,T,F,R,Regular Season,19:10,566347,sdn,chn,NL,NL,F,2680,Petco Park,4,1,"San Diego, CA",0,0,0,Ian Happ remains in the game as the second baseman.,Defensive Switch,664023,Ian,Happ,"Happ, I",1,42,6,3
SDN201909100,2019,9,10,F,T,F,R,Regular Season,19:10,566347,sdn,chn,NL,NL,F,2680,Petco Park,4,1,"San Diego, CA",0,0,0,"Pitching Change: Tyler Chatwood replaces Jose Quintana, batting 1st, replacing second baseman Ben Zobrist.",Pitching Substitution,543022,Tyler,Chatwood,Chatwood,1,43,6,3
SDN201909100,2019,9,10,F,T,F,R,Regular Season,19:10,566347,sdn,chn,NL,NL,F,2680,Petco Park,5,0,"San Diego, CA",1,0,0,Mound Visit.,Game Advisory,592206,Nicholas,Castellanos,Castellanos,1,9,6,3
SDN201909100,2019,9,10,F,T,F,R,Regular Season,19:10,566347,sdn,chn,NL,NL,F,2680,Petco Park,6,0,"San Diego, CA",0,0,0,"Pitching Change: Craig Stammen replaces Ronald Bolanos, batting 9th, replacing pitcher Ronald Bolanos.",Pitching Substitution,489334,Craig,Stammen,Stammen,1,1,6,5
SDN201909100,2019,9,10,F,T,F,R,Regular Season,19:10,566347,sdn,chn,NL,NL,F,2680,Petco Park,7,0,"San Diego, CA",0,0,0,Offensive Substitution: Pinch-hitter David Bote replaces Tyler Chatwood.,Offensive Substitution,623520,David,Bote,Bote,1,1,6,5
SDN201909100,2019,9,10,F,T,F,R,Regular Season,19:10,566347,sdn,chn,NL,NL,F,2680,Petco Park,7,0,"San Diego, CA",0,0,1,Mound Visit.,Game Advisory,656941,Kyle,Schwarber,Schwarber,1,8,6,5
SDN201909100,2019,9,10,F,T,F,R,Regular Season,19:10,566347,sdn,chn,NL,NL,F,2680,Petco Park,7,0,"San Diego, CA",0,0,1,"Pitching Change: Matt Strahm replaces Craig Stammen, batting 9th, replacing pitcher Craig Stammen.",Pitching Substitution,621381,Matt,Strahm,Strahm,1,9,6,5
SDN201909100,2019,9,10,F,T,F,R,Regular Season,19:10,566347,sdn,chn,NL,NL,F,2680,Petco Park,7,0,"San Diego, CA",0,0,2,Mound Visit.,Game Advisory,592206,Nicholas,Castellanos,Castellanos,1,17,6,5
SDN201909100,2019,9,10,F,T,F,R,Regular Season,19:10,566347,sdn,chn,NL,NL,F,2680,Petco Park,7,0,"San Diego, CA",0,0,2,"Pitching Change: David Bednar replaces Matt Strahm, batting 9th, replacing pitcher Matt Strahm.",Pitching Substitution,670280,David,Bednar,Bednar,1,18,6,5
SDN201909100,2019,9,10,F,T,F,R,Regular Season,19:10,566347,sdn,chn,NL,NL,F,2680,Petco Park,7,1,"San Diego, CA",0,0,0,"Pitching Change: Brandon Kintzler replaces Tyler Chatwood, batting 1st.",Pitching Substitution,445213,Brandon,Kintzler,Kintzler,1,25,6,5
SDN201909100,2019,9,10,F,T,F,R,Regular Season,19:10,566347,sdn,chn,NL,NL,F,2680,Petco Park,7,1,"San Diego, CA",0,0,0,Offensive Substitution: Pinch-hitter Greg Garcia replaces David Bednar.,Offensive Substitution,594824,Greg,Garcia,"Garcia, G",1,26,6,5
SDN201909100,2019,9,10,F,T,F,R,Regular Season,19:10,566347,sdn,chn,NL,NL,F,2680,Petco Park,7,1,"San Diego, CA",0,0,0,Offensive Substitution: Pinch-runner Travis Jankowski replaces Greg Garcia.,Offensive Substitution,608671,Travis,Jankowski,Jankowski,1,29,6,5
SDN201909100,2019,9,10,F,T,F,R,Regular Season,19:10,566347,sdn,chn,NL,NL,F,2680,Petco Park,7,1,"San Diego, CA",0,0,1,Mound Visit.,Game Advisory,543333,Eric,Hosmer,Hosmer,1,40,8,5
SDN201909100,2019,9,10,F,T,F,R,Regular Season,19:10,566347,sdn,chn,NL,NL,F,2680,Petco Park,7,1,"San Diego, CA",0,0,1,"Pitching Change: Kyle Ryan replaces Brandon Kintzler, batting 1st, replacing pitcher Brandon Kintzler.",Pitching Substitution,594986,Kyle,Ryan,Ryan,1,41,8,5
SDN201909100,2019,9,10,F,T,F,R,Regular Season,19:10,566347,sdn,chn,NL,NL,F,2680,Petco Park,7,1,"San Diego, CA",0,0,2,Mound Visit.,Game Advisory,664034,Ty,France,France,1,48,8,5
SDN201909100,2019,9,10,F,T,F,R,Regular Season,19:10,566347,sdn,chn,NL,NL,F,2680,Petco Park,7,1,"San Diego, CA",0,0,2,"Pitching Change: David Phelps replaces Kyle Ryan, batting 1st, replacing pitcher Kyle Ryan.",Pitching Substitution,475479,David,Phelps,Phelps,1,49,8,5
SDN201909100,2019,9,10,F,T,F,R,Regular Season,19:10,566347,sdn,chn,NL,NL,F,2680,Petco Park,8,0,"San Diego, CA",0,0,0,Defensive switch from right field to left field for Wil Myers.,Defensive Switch,571976,Wil,Myers,Myers,1,1,8,5
SDN201909100,2019,9,10,F,T,F,R,Regular Season,19:10,566347,sdn,chn,NL,NL,F,2680,Petco Park,8,0,"San Diego, CA",0,0,0,Travis Jankowski remains in the game as the right fielder.,Defensive Switch,608671,Travis,Jankowski,Jankowski,1,2,8,5
SDN201909100,2019,9,10,F,T,F,R,Regular Season,19:10,566347,sdn,chn,NL,NL,F,2680,Petco Park,8,0,"San Diego, CA",0,0,0,"Pitching Change: Andres Munoz replaces David Bednar, batting 2nd, replacing left fielder Nick Martini.",Pitching Substitution,662253,Andres,Munoz,Munoz,1,3,8,5
SDN201909100,2019,9,10,F,T,F,R,Regular Season,19:10,566347,sdn,chn,NL,NL,F,2680,Petco Park,8,0,"San Diego, CA",0,0,2,Offensive Substitution: Pinch-hitter Tony Kemp replaces David Phelps.,Offensive Substitution,643393,Tony,Kemp,"Kemp, T",1,38,8,8
SDN201909100,2019,9,10,F,T,F,R,Regular Season,19:10,566347,sdn,chn,NL,NL,F,2680,Petco Park,8,1,"San Diego, CA",0,0,0,"Pitching Change: Rowan Wick replaces David Phelps, batting 1st.",Pitching Substitution,592858,Rowan,Wick,Wick,1,46,8,8
SDN201909100,2019,9,10,F,T,F,R,Regular Season,19:10,566347,sdn,chn,NL,NL,F,2680,Petco Park,9,0,"San Diego, CA",0,0,0,"Pitching Change: Kirby Yates replaces Andres Munoz, batting 2nd, replacing pitcher Andres Munoz.",Pitching Substitution,489446,Kirby,Yates,Yates,1,1,8,8
SDN201909100,2019,9,10,F,T,F,R,Regular Season,19:10,566347,sdn,chn,NL,NL,F,2680,Petco Park,9,1,"San Diego, CA",0,0,0,Offensive Substitution: Pinch-hitter Josh Naylor replaces Kirby Yates.,Offensive Substitution,647304,Josh,Naylor,Naylor,1,24,8,8
SDN201909100,2019,9,10,F,T,F,R,Regular Season,19:10,566347,sdn,chn,NL,NL,F,2680,Petco Park,10,0,"San Diego, CA",0,0,0,"Pitching Change: Michel Baez replaces Kirby Yates, batting 2nd.",Pitching Substitution,673258,Michel,Baez,Baez,1,1,8,8
SDN201909100,2019,9,10,F,T,F,R,Regular Season,19:10,566347,sdn,chn,NL,NL,F,2680,Petco Park,10,1,"San Diego, CA",0,0,0,"Pitching Change: Steve Cishek replaces Rowan Wick, batting 1st, replacing pitcher Rowan Wick.",Pitching Substitution,518553,Steve,Cishek,Cishek,1,24,8,8
SDN201909100,2019,9,10,F,T,F,R,Regular Season,19:10,566347,sdn,chn,NL,NL,F,2680,Petco Park,10,1,"San Diego, CA",0,0,1,Mound Visit.,Game Advisory,608671,Travis,Jankowski,Jankowski,1,32,8,8
SDN201909100,2019,9,10,F,T,F,R,Regular Season,19:10,566347,sdn,chn,NL,NL,F,2680,Petco Park,10,1,"San Diego, CA",3,2,1,"Padres challenged (hit by pitch), call on the field was upheld: Ball.",Pitch Challenge,518553,Steve,Cishek,Cishek,5,33,8,8
SDN201909100,2019,9,10,F,T,F,R,Regular Season,19:10,566347,sdn,chn,NL,NL,F,2680,Petco Park,10,1,"San Diego, CA",0,0,1,On-field Delay.,Game Advisory,622534,Manuel,Margot,Margot,1,38,8,8
SEA201909100,2019,9,10,F,T,F,R,Regular Season,19:10,566441,sea,cin,AL,NL,T,680,T-Mobile Park,1,1,"Seattle, WA",2,0,2,Austin Nola steals (1) 2nd base.,Stolen Base 2B,543592,Austin,Nola,"Nola, Au",2,27,0,0
SEA201909100,2019,9,10,F,T,F,R,Regular Season,19:10,566441,sea,cin,AL,NL,T,680,T-Mobile Park,2,0,"Seattle, WA",0,0,2,Mound Visit.,Game Advisory,571466,Tucker,Barnhart,Barnhart,1,27,0,1
SEA201909100,2019,9,10,F,T,F,R,Regular Season,19:10,566441,sea,cin,AL,NL,T,680,T-Mobile Park,3,0,"Seattle, WA",0,0,1,Mound Visit.,Game Advisory,578428,Jose,Iglesias,"Iglesias, J",1,30,0,1
SEA201909100,2019,9,10,F,T,F,R,Regular Season,19:10,566441,sea,cin,AL,NL,T,680,T-Mobile Park,6,1,"Seattle, WA",0,0,2,Mound Visit.,Game Advisory,608596,Tom,Murphy,"Murphy, To",1,27,2,1
SEA201909100,2019,9,10,F,T,F,R,Regular Season,19:10,566441,sea,cin,AL,NL,T,680,T-Mobile Park,7,0,"Seattle, WA",0,0,0,Pitching Change: Austin Adams replaces Justus Sheffield.,Pitching Substitution,613534,Austin,Adams,Adams,1,1,2,1
SEA201909100,2019,9,10,F,T,F,R,Regular Season,19:10,566441,sea,cin,AL,NL,T,680,T-Mobile Park,7,0,"Seattle, WA",0,0,1,Offensive Substitution: Pinch-hitter Josh VanMeter replaces Jose Peraza.,Offensive Substitution,642165,Josh,VanMeter,VanMeter,1,9,2,1
SEA201909100,2019,9,10,F,T,F,R,Regular Season,19:10,566441,sea,cin,AL,NL,T,680,T-Mobile Park,7,0,"Seattle, WA",0,0,2,Offensive Substitution: Pinch-hitter Brian O'Grady replaces Alex Blandino.,Offensive Substitution,657434,Brian,O'Grady,O'Grady,1,23,2,1
SEA201909100,2019,9,10,F,T,F,R,Regular Season,19:10,566441,sea,cin,AL,NL,T,680,T-Mobile Park,7,0,"Seattle, WA",0,0,2,Mound Visit.,Game Advisory,458015,Joey,Votto,Votto,1,29,2,3
SEA201909100,2019,9,10,F,T,F,R,Regular Season,19:10,566441,sea,cin,AL,NL,T,680,T-Mobile Park,7,0,"Seattle, WA",0,0,2,Pitching Change: Taylor Guilbeau replaces Austin Adams.,Pitching Substitution,607555,Taylor,Guilbeau,Guilbeau,1,30,2,3
SEA201909100,2019,9,10,F,T,F,R,Regular Season,19:10,566441,sea,cin,AL,NL,T,680,T-Mobile Park,7,1,"Seattle, WA",0,0,0,Brian O'Grady remains in the game as the designated hitter.,Defensive Switch,657434,Brian,O'Grady,O'Grady,1,39,2,3
SEA201909100,2019,9,10,F,T,F,R,Regular Season,19:10,566441,sea,cin,AL,NL,T,680,T-Mobile Park,7,1,"Seattle, WA",0,0,0,Josh VanMeter remains in the game as the left fielder.,Defensive Switch,642165,Josh,VanMeter,VanMeter,1,40,2,3
SEA201909100,2019,9,10,F,T,F,R,Regular Season,19:10,566441,sea,cin,AL,NL,T,680,T-Mobile Park,7,1,"Seattle, WA",0,0,1,Offensive Substitution: Pinch-hitter Shed Long replaces Tim Lopes.,Offensive Substitution,643418,Shed,Long,Long,1,43,2,3
SEA201909100,2019,9,10,F,T,F,R,Regular Season,19:10,566441,sea,cin,AL,NL,T,680,T-Mobile Park,7,1,"Seattle, WA",0,0,1,Mound Visit.,Game Advisory,605480,Mallex,Smith,"Smith, M",1,46,2,3
SEA201909100,2019,9,10,F,T,F,R,Regular Season,19:10,566441,sea,cin,AL,NL,T,680,T-Mobile Park,7,1,"Seattle, WA",0,0,1,Pitching Change: Michael Lorenzen replaces Trevor Bauer.,Pitching Substitution,547179,Michael,Lorenzen,Lorenzen,1,47,2,3
SEA201909100,2019,9,10,F,T,F,R,Regular Season,19:10,566441,sea,cin,AL,NL,T,680,T-Mobile Park,8,0,"Seattle, WA",0,0,0,Shed Long remains in the game as the left fielder.,Defensive Switch,643418,Shed,Long,Long,1,1,2,3
SEA201909100,2019,9,10,F,T,F,R,Regular Season,19:10,566441,sea,cin,AL,NL,T,680,T-Mobile Park,8,0,"Seattle, WA",0,0,0,Pitching Change: Dan Altavilla replaces Taylor Guilbeau.,Pitching Substitution,656186,Dan,Altavilla,Altavilla,1,2,2,3
SEA201909100,2019,9,10,F,T,F,R,Regular Season,19:10,566441,sea,cin,AL,NL,T,680,T-Mobile Park,8,1,"Seattle, WA",0,0,0,Offensive Substitution: Pinch-hitter Omar Narvaez replaces Dylan Moore.,Offensive Substitution,553882,Omar,Narvaez,Narváez,1,33,2,3
SEA201909100,2019,9,10,F,T,F,R,Regular Season,19:10,566441,sea,cin,AL,NL,T,680,T-Mobile Park,8,1,"Seattle, WA",0,0,2,Mound Visit.,Game Advisory,572122,Kyle,Seager,"Seager, K",1,40,2,3
SEA201909100,2019,9,10,F,T,F,R,Regular Season,19:10,566441,sea,cin,AL,NL,T,680,T-Mobile Park,8,1,"Seattle, WA",0,0,2,Pitching Change: Amir Garrett replaces Michael Lorenzen.,Pitching Substitution,607237,Amir,Garrett,Garrett,1,41,2,3
SEA201909100,2019,9,10,F,T,F,R,Regular Season,19:10,566441,sea,cin,AL,NL,T,680,T-Mobile Park,9,0,"Seattle, WA",0,0,0,"Defensive Substitution: Donnie Walton replaces left fielder Shed Long, batting 7th, playing shortstop.",Defensive Sub,622268,Donnie,Walton,Walton,1,1,4,3
SEA201909100,2019,9,10,F,T,F,R,Regular Season,19:10,566441,sea,cin,AL,NL,T,680,T-Mobile Park,9,0,"Seattle, WA",0,0,0,Defensive switch from center field to left field for Mallex Smith.,Defensive Switch,605480,Mallex,Smith,"Smith, M",1,2,4,3
SEA201909100,2019,9,10,F,T,F,R,Regular Season,19:10,566441,sea,cin,AL,NL,T,680,T-Mobile Park,9,0,"Seattle, WA",0,0,0,"Defensive Substitution: Braden Bishop replaces  Omar Narvaez, batting 9th, playing center field.",Defensive Sub,623323,Braden,Bishop,Bishop,1,3,4,3
SEA201909100,2019,9,10,F,T,F,R,Regular Season,19:10,566441,sea,cin,AL,NL,T,680,T-Mobile Park,9,0,"Seattle, WA",0,0,0,Pitching Change: Anthony Bass replaces Dan Altavilla.,Pitching Substitution,542914,Anthony,Bass,Bass,1,4,4,3
ANA201909100,2019,9,10,F,T,F,R,Regular Season,19:07,564804,ana,cle,AL,AL,F,1,Angel Stadium,3,0,"Anaheim, CA",0,0,2,On-field Delay.,Game Advisory,656669,Jordan,Luplow,Luplow,1,38,0,2
ANA201909100,2019,9,10,F,T,F,R,Regular Season,19:07,564804,ana,cle,AL,AL,F,1,Angel Stadium,3,0,"Anaheim, CA",0,0,2,Mound Visit.,Game Advisory,656669,Jordan,Luplow,Luplow,1,39,0,2
ANA201909100,2019,9,10,F,T,F,R,Regular Season,19:07,564804,ana,cle,AL,AL,F,1,Angel Stadium,4,0,"Anaheim, CA",0,0,0,Pitching Change: Jose Rodriguez replaces Jose Suarez.,Pitching Substitution,642578,Jose,Rodriguez,"Rodriguez, J",1,1,0,6
ANA201909100,2019,9,10,F,T,F,R,Regular Season,19:07,564804,ana,cle,AL,AL,F,1,Angel Stadium,7,0,"Anaheim, CA",0,0,0,Pitching Change: Trevor Cahill replaces Jose Rodriguez.,Pitching Substitution,502239,Trevor,Cahill,Cahill,1,1,0,6
ANA201909100,2019,9,10,F,T,F,R,Regular Season,19:07,564804,ana,cle,AL,AL,F,1,Angel Stadium,7,0,"Anaheim, CA",0,0,1,Offensive Substitution: Pinch-runner Greg Allen replaces Yasiel Puig.,Offensive Substitution,656185,Greg,Allen,"Allen, G",1,23,0,7
ANA201909100,2019,9,10,F,T,F,R,Regular Season,19:07,564804,ana,cle,AL,AL,F,1,Angel Stadium,7,1,"Anaheim, CA",0,0,0,Greg Allen remains in the game as the left fielder.,Defensive Switch,656185,Greg,Allen,"Allen, G",1,41,0,8
ANA201909100,2019,9,10,F,T,F,R,Regular Season,19:07,564804,ana,cle,AL,AL,F,1,Angel Stadium,7,1,"Anaheim, CA",0,0,0,Defensive switch from left field to right field for Jordan Luplow.,Defensive Switch,656669,Jordan,Luplow,Luplow,1,42,0,8
ANA201909100,2019,9,10,F,T,F,R,Regular Season,19:07,564804,ana,cle,AL,AL,F,1,Angel Stadium,7,1,"Anaheim, CA",0,0,0,"Defensive Substitution: Mike Freeman replaces second baseman Jason Kipnis, batting 7th, playing second base.",Defensive Sub,502273,Mike,Freeman,"Freeman, M",1,43,0,8
ANA201909100,2019,9,10,F,T,F,R,Regular Season,19:07,564804,ana,cle,AL,AL,F,1,Angel Stadium,8,0,"Anaheim, CA",0,0,0,"Defensive Substitution: Michael Hermosillo replaces shortstop Andrelton Simmons, batting 6th, playing right field.",Defensive Sub,641684,Michael,Hermosillo,Hermosillo,1,1,0,8
ANA201909100,2019,9,10,F,T,F,R,Regular Season,19:07,564804,ana,cle,AL,AL,F,1,Angel Stadium,8,0,"Anaheim, CA",0,0,0,"Defensive Substitution: Matt Thaiss replaces right fielder Kole Calhoun, batting 5th, playing third base.",Defensive Sub,642136,Matt,Thaiss,Thaiss,1,2,0,8
ANA201909100,2019,9,10,F,T,F,R,Regular Season,19:07,564804,ana,cle,AL,AL,F,1,Angel Stadium,8,0,"Anaheim, CA",0,0,0,"Defensive Substitution: Taylor Ward replaces left fielder Justin Upton, batting 4th, playing left field.",Defensive Sub,621493,Taylor,Ward,Ward,1,3,0,8
ANA201909100,2019,9,10,F,T,F,R,Regular Season,19:07,564804,ana,cle,AL,AL,F,1,Angel Stadium,8,0,"Anaheim, CA",0,0,0,Defensive switch from third base to shortstop for David Fletcher.,Defensive Switch,664058,David,Fletcher,Fletcher,1,4,0,8
ANA201909100,2019,9,10,F,T,F,R,Regular Season,19:07,564804,ana,cle,AL,AL,F,1,Angel Stadium,8,0,"Anaheim, CA",0,0,2,Offensive Substitution: Pinch-runner Ryan Flaherty replaces Francisco Lindor.,Offensive Substitution,475247,Ryan,Flaherty,"Flaherty, R",1,25,0,8
ANA201909100,2019,9,10,F,T,F,R,Regular Season,19:07,564804,ana,cle,AL,AL,F,1,Angel Stadium,8,1,"Anaheim, CA",0,0,0,Ryan Flaherty remains in the game as the third baseman.,Defensive Switch,475247,Ryan,Flaherty,"Flaherty, R",1,31,0,8
ANA201909100,2019,9,10,F,T,F,R,Regular Season,19:07,564804,ana,cle,AL,AL,F,1,Angel Stadium,8,1,"Anaheim, CA",0,0,0,"Defensive Substitution: Jake Bauers replaces first baseman Carlos Santana, batting 3rd, playing first base.",Defensive Sub,641343,Jake,Bauers,Bauers,1,32,0,8
ANA201909100,2019,9,10,F,T,F,R,Regular Season,19:07,564804,ana,cle,AL,AL,F,1,Angel Stadium,8,1,"Anaheim, CA",0,0,0,Defensive switch from third base to shortstop for Yu Chang.,Defensive Switch,644374,Yu,Chang,Chang,1,33,0,8
ANA201909100,2019,9,10,F,T,F,R,Regular Season,19:07,564804,ana,cle,AL,AL,F,1,Angel Stadium,9,0,"Anaheim, CA",0,0,1,Mound Visit.,Game Advisory,656669,Jordan,Luplow,Luplow,1,23,0,8
ANA201909100,2019,9,10,F,T,F,R,Regular Season,19:07,564804,ana,cle,AL,AL,F,1,Angel Stadium,9,0,"Anaheim, CA",0,0,1,"Defensive Substitution: Justin Bour replaces  Shohei Ohtani, batting 3rd, playing first base.",Defensive Sub,571506,Justin,Bour,Bour,1,24,0,8
ANA201909100,2019,9,10,F,T,F,R,Regular Season,19:07,564804,ana,cle,AL,AL,F,1,Angel Stadium,9,0,"Anaheim, CA",0,0,1,"Pitching Change: Jared Walsh replaces Trevor Cahill, batting 7th.",Pitching Substitution,665120,Jared,Walsh,Walsh,1,25,0,8
ANA201909100,2019,9,10,F,T,F,R,Regular Season,19:07,564804,ana,cle,AL,AL,F,1,Angel Stadium,9,0,"Anaheim, CA",0,0,1,Offensive Substitution: Pinch-hitter Eric Haase replaces Franmil Reyes.,Offensive Substitution,606992,Eric,Haase,Haase,1,35,0,8
ANA201909100,2019,9,10,F,T,F,R,Regular Season,19:07,564804,ana,cle,AL,AL,F,1,Angel Stadium,9,1,"Anaheim, CA",0,0,0,Eric Haase remains in the game as the designated hitter.,Defensive Switch,606992,Eric,Haase,Haase,1,46,0,8
CHA201909100,2019,9,10,F,T,F,R,Regular Season,19:10,567335,cha,kca,AL,AL,F,4,Guaranteed Rate Field,1,1,"Chicago, IL",2,2,0,Dropped foul pop error by first baseman Ryan O'Hearn.,Error,547989,Jose,Abreu,Abreu,4,37,0,1
CHA201909100,2019,9,10,F,T,F,R,Regular Season,19:10,567335,cha,kca,AL,AL,F,4,Guaranteed Rate Field,1,1,"Chicago, IL",0,0,1,Mound Visit.,Game Advisory,660162,Yoan,Moncada,Moncada,1,40,0,1
CHA201909100,2019,9,10,F,T,F,R,Regular Season,19:10,567335,cha,kca,AL,AL,F,4,Guaranteed Rate Field,1,1,"Chicago, IL",0,0,1,Injury Delay.,Game Advisory,650391,Eloy,Jimenez,Jiménez,1,45,0,1
CHA201909100,2019,9,10,F,T,F,R,Regular Season,19:10,567335,cha,kca,AL,AL,F,4,Guaranteed Rate Field,6,0,"Chicago, IL",0,0,2,Mound Visit.,Game Advisory,656811,Ryan,O'Hearn,O'Hearn,1,18,5,3
CHA201909100,2019,9,10,F,T,F,R,Regular Season,19:10,567335,cha,kca,AL,AL,F,4,Guaranteed Rate Field,6,0,"Chicago, IL",0,0,2,Pitching Change: Jace Fry replaces Ivan Nova.,Pitching Substitution,605240,Jace,Fry,"Fry, J",1,19,5,3
CHA201909100,2019,9,10,F,T,F,R,Regular Season,19:10,567335,cha,kca,AL,AL,F,4,Guaranteed Rate Field,6,0,"Chicago, IL",0,0,2,Offensive Substitution: Pinch-hitter Ryan McBroom replaces Meibrys Viloria.,Offensive Substitution,643436,Ryan,McBroom,McBroom,1,30,5,3
CHA201909100,2019,9,10,F,T,F,R,Regular Season,19:10,567335,cha,kca,AL,AL,F,4,Guaranteed Rate Field,6,0,"Chicago, IL",0,0,2,Mound Visit.,Game Advisory,643436,Ryan,McBroom,McBroom,1,31,5,3
CHA201909100,2019,9,10,F,T,F,R,Regular Season,19:10,567335,cha,kca,AL,AL,F,4,Guaranteed Rate Field,6,0,"Chicago, IL",0,0,2,Pitching Change: Evan Marshall replaces Jace Fry.,Pitching Substitution,605359,Evan,Marshall,Marshall,1,32,5,3
CHA201909100,2019,9,10,F,T,F,R,Regular Season,19:10,567335,cha,kca,AL,AL,F,4,Guaranteed Rate Field,6,1,"Chicago, IL",0,0,0,"Defensive Substitution: Nick Dini replaces  Ryan McBroom, batting 7th, playing catcher.",Defensive Sub,664926,Nick,Dini,Dini,1,39,5,3
CHA201909100,2019,9,10,F,T,F,R,Regular Season,19:10,567335,cha,kca,AL,AL,F,4,Guaranteed Rate Field,6,1,"Chicago, IL",0,0,0,Injury Delay.,Game Advisory,641470,Zack,Collins,Collins,1,42,5,3
CHA201909100,2019,9,10,F,T,F,R,Regular Season,19:10,567335,cha,kca,AL,AL,F,4,Guaranteed Rate Field,6,1,"Chicago, IL",0,0,0,Mound Visit.,Game Advisory,570560,Yolmer,Sanchez,"Sánchez, Y",1,45,5,3
CHA201909100,2019,9,10,F,T,F,R,Regular Season,19:10,567335,cha,kca,AL,AL,F,4,Guaranteed Rate Field,6,1,"Chicago, IL",0,0,0,Pitching Change: Tim Hill replaces Jakob Junis.,Pitching Substitution,657612,Tim,Hill,"Hill, T",1,46,5,3
CHA201909100,2019,9,10,F,T,F,R,Regular Season,19:10,567335,cha,kca,AL,AL,F,4,Guaranteed Rate Field,6,1,"Chicago, IL",0,0,2,Mound Visit.,Game Advisory,544725,Leury,Garcia,"García, L",1,53,5,3
CHA201909100,2019,9,10,F,T,F,R,Regular Season,19:10,567335,cha,kca,AL,AL,F,4,Guaranteed Rate Field,6,1,"Chicago, IL",0,0,2,Pitching Change: Kevin McCarthy replaces Tim Hill.,Pitching Substitution,641838,Kevin,McCarthy,McCarthy,1,54,5,3
CHA201909100,2019,9,10,F,T,F,R,Regular Season,19:10,567335,cha,kca,AL,AL,F,4,Guaranteed Rate Field,7,0,"Chicago, IL",0,0,2,Mound Visit.,Game Advisory,609275,Adalberto,Mondesi,Mondesi,1,18,5,3
CHA201909100,2019,9,10,F,T,F,R,Regular Season,19:10,567335,cha,kca,AL,AL,F,4,Guaranteed Rate Field,7,0,"Chicago, IL",0,0,2,Pitching Change: Aaron Bummer replaces Evan Marshall.,Pitching Substitution,607481,Aaron,Bummer,Bummer,1,19,5,3
CHA201909100,2019,9,10,F,T,F,R,Regular Season,19:10,567335,cha,kca,AL,AL,F,4,Guaranteed Rate Field,8,0,"Chicago, IL",0,0,1,Injury Delay.,Game Advisory,460086,Alex,Gordon,"Gordon, A",1,9,7,3
CHA201909100,2019,9,10,F,T,F,R,Regular Season,19:10,567335,cha,kca,AL,AL,F,4,Guaranteed Rate Field,8,0,"Chicago, IL",0,0,2,Offensive Substitution: Pinch-hitter Cheslor Cuthbert replaces Ryan O'Hearn.,Offensive Substitution,596144,Cheslor,Cuthbert,Cuthbert,1,16,7,3
CHA201909100,2019,9,10,F,T,F,R,Regular Season,19:10,567335,cha,kca,AL,AL,F,4,Guaranteed Rate Field,8,0,"Chicago, IL",0,0,2,Mound Visit.,Game Advisory,596144,Cheslor,Cuthbert,Cuthbert,1,17,7,3
CHA201909100,2019,9,10,F,T,F,R,Regular Season,19:10,567335,cha,kca,AL,AL,F,4,Guaranteed Rate Field,8,0,"Chicago, IL",0,0,2,Pitching Change: Jimmy Cordero replaces Aaron Bummer.,Pitching Substitution,622772,Jimmy,Cordero,"Cordero, J",1,18,7,3
CHA201909100,2019,9,10,F,T,F,R,Regular Season,19:10,567335,cha,kca,AL,AL,F,4,Guaranteed Rate Field,8,1,"Chicago, IL",0,0,0,Cheslor Cuthbert remains in the game as the first baseman.,Defensive Switch,596144,Cheslor,Cuthbert,Cuthbert,1,23,7,3
CHA201909100,2019,9,10,F,T,F,R,Regular Season,19:10,567335,cha,kca,AL,AL,F,4,Guaranteed Rate Field,8,1,"Chicago, IL",0,0,0,Pitching Change: Gabe Speier replaces Kevin McCarthy.,Pitching Substitution,642100,Gabe,Speier,Speier,1,24,7,3
BAL201909100,2019,9,10,F,T,F,R,Regular Season,19:05,565002,bal,lan,AL,NL,T,2,Oriole Park at Camden Yards,1,0,"Baltimore, MD",0,0,2,Mound Visit.,Game Advisory,592626,Joc,Pederson,Pederson,1,58,0,4
BAL201909100,2019,9,10,F,T,F,R,Regular Season,19:05,565002,bal,lan,AL,NL,T,2,Oriole Park at Camden Yards,3,0,"Baltimore, MD",0,0,1,Mound Visit.,Game Advisory,666158,Gavin,Lux,Lux,1,22,0,6
BAL201909100,2019,9,10,F,T,F,R,Regular Season,19:05,565002,bal,lan,AL,NL,T,2,Oriole Park at Camden Yards,3,0,"Baltimore, MD",0,0,1,Pitching Change: Evan Phillips replaces Ty Blach.,Pitching Substitution,623465,Evan,Phillips,"Phillips, E",1,23,0,6
BAL201909100,2019,9,10,F,T,F,R,Regular Season,19:05,565002,bal,lan,AL,NL,T,2,Oriole Park at Camden Yards,5,0,"Baltimore, MD",0,0,0,Pitching Change: Tanner Scott replaces Evan Phillips.,Pitching Substitution,656945,Tanner,Scott,"Scott, Tan",1,1,0,6
BAL201909100,2019,9,10,F,T,F,R,Regular Season,19:05,565002,bal,lan,AL,NL,T,2,Oriole Park at Camden Yards,6,0,"Baltimore, MD",0,0,0,Pitching Change: Branden Kline replaces Tanner Scott.,Pitching Substitution,571858,Branden,Kline,Kline,1,1,0,7
BAL201909100,2019,9,10,F,T,F,R,Regular Season,19:05,565002,bal,lan,AL,NL,T,2,Oriole Park at Camden Yards,6,0,"Baltimore, MD",0,0,0,Offensive Substitution: Pinch-hitter Matt Beaty replaces David Freese.,Offensive Substitution,607461,Matt,Beaty,Beaty,1,2,0,7
BAL201909100,2019,9,10,F,T,F,R,Regular Season,19:05,565002,bal,lan,AL,NL,T,2,Oriole Park at Camden Yards,6,1,"Baltimore, MD",0,0,0,Matt Beaty remains in the game as the first baseman.,Defensive Switch,607461,Matt,Beaty,Beaty,1,21,0,7
BAL201909100,2019,9,10,F,T,F,R,Regular Season,19:05,565002,bal,lan,AL,NL,T,2,Oriole Park at Camden Yards,7,0,"Baltimore, MD",0,0,0,Pitching Change: Richard Bleier replaces Branden Kline.,Pitching Substitution,542947,Richard,Bleier,Bleier,1,1,0,7
BAL201909100,2019,9,10,F,T,F,R,Regular Season,19:05,565002,bal,lan,AL,NL,T,2,Oriole Park at Camden Yards,7,0,"Baltimore, MD",0,0,2,Offensive Substitution: Pinch-hitter Jedd Gyorko replaces Joc Pederson.,Offensive Substitution,576397,Jedd,Gyorko,Gyorko,1,13,0,7
BAL201909100,2019,9,10,F,T,F,R,Regular Season,19:05,565002,bal,lan,AL,NL,T,2,Oriole Park at Camden Yards,7,1,"Baltimore, MD",0,0,0,Jedd Gyorko remains in the game as the designated hitter.,Defensive Switch,576397,Jedd,Gyorko,Gyorko,1,18,0,7
BAL201909100,2019,9,10,F,T,F,R,Regular Season,19:05,565002,bal,lan,AL,NL,T,2,Oriole Park at Camden Yards,8,0,"Baltimore, MD",0,0,0,Pitching Change: Dillon Tate replaces Richard Bleier.,Pitching Substitution,622253,Dillon,Tate,Tate,1,1,0,7
BAL201909100,2019,9,10,F,T,F,R,Regular Season,19:05,565002,bal,lan,AL,NL,T,2,Oriole Park at Camden Yards,8,1,"Baltimore, MD",0,0,0,Pitching Change: Casey Sadler replaces Walker Buehler.,Pitching Substitution,594987,Casey,Sadler,Sadler,1,33,0,7
BAL201909100,2019,9,10,F,T,F,R,Regular Season,19:05,565002,bal,lan,AL,NL,T,2,Oriole Park at Camden Yards,9,0,"Baltimore, MD",0,0,0,Pitching Change: Miguel Castro replaces Dillon Tate.,Pitching Substitution,612434,Miguel,Castro,"Castro, M",1,1,3,7
BAL201909100,2019,9,10,F,T,F,R,Regular Season,19:05,565002,bal,lan,AL,NL,T,2,Oriole Park at Camden Yards,9,0,"Baltimore, MD",0,0,2,Offensive Substitution: Pinch-hitter Edwin Rios replaces Jedd Gyorko.,Offensive Substitution,621458,Edwin,Rios,Rios,1,19,3,7
BAL201909100,2019,9,10,F,T,F,R,Regular Season,19:05,565002,bal,lan,AL,NL,T,2,Oriole Park at Camden Yards,9,0,"Baltimore, MD",0,0,2,Mound Visit.,Game Advisory,621458,Edwin,Rios,Rios,1,20,3,7
BAL201909100,2019,9,10,F,T,F,R,Regular Season,19:05,565002,bal,lan,AL,NL,T,2,Oriole Park at Camden Yards,9,1,"Baltimore, MD",0,0,0,Edwin Rios remains in the game as the designated hitter.,Defensive Switch,621458,Edwin,Rios,Rios,1,28,3,7
BAL201909100,2019,9,10,F,T,F,R,Regular Season,19:05,565002,bal,lan,AL,NL,T,2,Oriole Park at Camden Yards,9,1,"Baltimore, MD",0,0,0,Pitching Change: Caleb Ferguson replaces Casey Sadler.,Pitching Substitution,657571,Caleb,Ferguson,Ferguson,1,29,3,7
BAL201909100,2019,9,10,F,T,F,R,Regular Season,19:05,565002,bal,lan,AL,NL,T,2,Oriole Park at Camden Yards,9,1,"Baltimore, MD",0,0,1,Offensive Substitution: Pinch-hitter Austin Hays replaces Mason Williams.,Offensive Substitution,669720,Austin,Hays,Hays,1,32,3,7
BAL201909100,2019,9,10,F,T,F,R,Regular Season,19:05,565002,bal,lan,AL,NL,T,2,Oriole Park at Camden Yards,9,1,"Baltimore, MD",0,0,1,Mound Visit.,Game Advisory,669720,Austin,Hays,Hays,1,33,3,7
BAL201909100,2019,9,10,F,T,F,R,Regular Season,19:05,565002,bal,lan,AL,NL,T,2,Oriole Park at Camden Yards,9,1,"Baltimore, MD",0,0,2,Offensive Substitution: Pinch-hitter Mark Trumbo replaces DJ Stewart.,Offensive Substitution,444432,Mark,Trumbo,Trumbo,1,36,3,7
MIA201909100,2019,9,10,F,T,F,R,Regular Season,19:10,567434,mia,mil,NL,NL,F,4169,Marlins Park,1,0,"Miami, FL",1,2,2,Injury Delay.,Game Advisory,592885,Christian,Yelich,Yelich,3,15,0,0
MIA201909100,2019,9,10,F,T,F,R,Regular Season,19:10,567434,mia,mil,NL,NL,F,4169,Marlins Park,1,0,"Miami, FL",1,2,2,Offensive Substitution: Pinch-hitter Trent Grisham replaces Christian Yelich.,Offensive Substitution,663757,Trent,Grisham,Grisham,3,16,0,0
MIA201909100,2019,9,10,F,T,F,R,Regular Season,19:10,567434,mia,mil,NL,NL,F,4169,Marlins Park,1,1,"Miami, FL",0,0,0,Trent Grisham remains in the game as the right fielder.,Defensive Switch,663757,Trent,Grisham,Grisham,1,24,0,0
MIA201909100,2019,9,10,F,T,F,R,Regular Season,19:10,567434,mia,mil,NL,NL,F,4169,Marlins Park,4,1,"Miami, FL",0,0,1,Mound Visit.,Game Advisory,656371,Isan,Diaz,"Diaz, I",1,25,1,3
MIA201909100,2019,9,10,F,T,F,R,Regular Season,19:10,567434,mia,mil,NL,NL,F,4169,Marlins Park,5,0,"Miami, FL",0,0,1,Offensive Substitution: Pinch-hitter David Freitas replaces Chase Anderson.,Offensive Substitution,571679,David,Freitas,Freitas,1,4,2,3
MIA201909100,2019,9,10,F,T,F,R,Regular Season,19:10,567434,mia,mil,NL,NL,F,4169,Marlins Park,5,1,"Miami, FL",0,0,0,"Pitching Change: Matt Albers replaces Chase Anderson, batting 9th.",Pitching Substitution,458006,Matt,Albers,Albers,1,18,2,3
MIA201909100,2019,9,10,F,T,F,R,Regular Season,19:10,567434,mia,mil,NL,NL,F,4169,Marlins Park,5,1,"Miami, FL",0,0,0,Offensive Substitution: Pinch-hitter Curtis Granderson replaces Elieser Hernandez.,Offensive Substitution,434158,Curtis,Granderson,Granderson,1,19,2,3
MIA201909100,2019,9,10,F,T,F,R,Regular Season,19:10,567434,mia,mil,NL,NL,F,4169,Marlins Park,6,0,"Miami, FL",0,0,0,"Pitching Change: Jarlin Garcia replaces Elieser Hernandez, batting 9th.",Pitching Substitution,606424,Jarlin,Garcia,"García, J",1,1,2,3
MIA201909100,2019,9,10,F,T,F,R,Regular Season,19:10,567434,mia,mil,NL,NL,F,4169,Marlins Park,6,1,"Miami, FL",0,0,1,Mound Visit.,Game Advisory,656371,Isan,Diaz,"Diaz, I",1,23,2,3
MIA201909100,2019,9,10,F,T,F,R,Regular Season,19:10,567434,mia,mil,NL,NL,F,4169,Marlins Park,6,1,"Miami, FL",0,0,1,"Pitching Change: Alex Claudio replaces Matt Albers, batting 9th, replacing pitcher Matt Albers.",Pitching Substitution,592222,Alex,Claudio,Claudio,1,24,2,3
MIA201909100,2019,9,10,F,T,F,R,Regular Season,19:10,567434,mia,mil,NL,NL,F,4169,Marlins Park,6,1,"Miami, FL",0,0,2,Offensive Substitution: Pinch-hitter Harold Ramirez replaces Magneuris Sierra.,Offensive Substitution,623912,Harold,Ramirez,"Ramirez, H",1,29,2,3
MIA201909100,2019,9,10,F,T,F,R,Regular Season,19:10,567434,mia,mil,NL,NL,F,4169,Marlins Park,6,1,"Miami, FL",0,0,2,Mound Visit.,Game Advisory,623912,Harold,Ramirez,"Ramirez, H",1,30,2,3
MIA201909100,2019,9,10,F,T,F,R,Regular Season,19:10,567434,mia,mil,NL,NL,F,4169,Marlins Park,6,1,"Miami, FL",0,0,2,"Pitching Change: Ray Black replaces Alex Claudio, batting 9th, replacing pitcher Alex Claudio.",Pitching Substitution,605143,Ray,Black,Black,1,31,2,3
MIA201909100,2019,9,10,F,T,F,R,Regular Season,19:10,567434,mia,mil,NL,NL,F,4169,Marlins Park,7,0,"Miami, FL",0,0,0,Harold Ramirez remains in the game as the right fielder.,Defensive Switch,623912,Harold,Ramirez,"Ramirez, H",1,1,2,3
MIA201909100,2019,9,10,F,T,F,R,Regular Season,19:10,567434,mia,mil,NL,NL,F,4169,Marlins Park,7,1,"Miami, FL",0,0,0,"Defensive Substitution: Ben Gamel replaces pitcher Ray Black, batting 9th, playing left field.",Defensive Sub,592325,Ben,Gamel,Gamel,1,19,2,3
MIA201909100,2019,9,10,F,T,F,R,Regular Season,19:10,567434,mia,mil,NL,NL,F,4169,Marlins Park,7,1,"Miami, FL",0,0,0,"Pitching Change: Junior Guerra replaces Ray Black, batting 5th, replacing left fielder Ryan Braun.",Pitching Substitution,448855,Junior,Guerra,"Guerra, J",1,20,2,3
MIA201909100,2019,9,10,F,T,F,R,Regular Season,19:10,567434,mia,mil,NL,NL,F,4169,Marlins Park,7,1,"Miami, FL",0,0,0,Offensive Substitution: Pinch-hitter Neil Walker replaces Jarlin Garcia.,Offensive Substitution,435522,Neil,Walker,Walker,1,21,2,3
MIA201909100,2019,9,10,F,T,F,R,Regular Season,19:10,567434,mia,mil,NL,NL,F,4169,Marlins Park,8,0,"Miami, FL",0,0,0,"Pitching Change: Adam Conley replaces Jarlin Garcia, batting 9th.",Pitching Substitution,543045,Adam,Conley,Conley,1,1,2,3
MIA201909100,2019,9,10,F,T,F,R,Regular Season,19:10,567434,mia,mil,NL,NL,F,4169,Marlins Park,8,1,"Miami, FL",0,0,1,Mound Visit.,Game Advisory,656371,Isan,Diaz,"Diaz, I",1,27,3,3
MIA201909100,2019,9,10,F,T,F,R,Regular Season,19:10,567434,mia,mil,NL,NL,F,4169,Marlins Park,9,0,"Miami, FL",0,0,0,Offensive Substitution: Pinch-hitter Tyler Austin replaces Eric Thames.,Offensive Substitution,592122,Tyler,Austin,Austin,1,11,3,3
MIA201909100,2019,9,10,F,T,F,R,Regular Season,19:10,567434,mia,mil,NL,NL,F,4169,Marlins Park,9,0,"Miami, FL",0,0,1,Offensive Substitution: Pinch-hitter Mike Moustakas replaces Junior Guerra.,Offensive Substitution,519058,Mike,Moustakas,Moustakas,1,20,3,4
MIA201909100,2019,9,10,F,T,F,R,Regular Season,19:10,567434,mia,mil,NL,NL,F,4169,Marlins Park,9,0,"Miami, FL",0,0,2,Mound Visit.,Game Advisory,541650,Hernan,Perez,"Pérez, H",1,32,3,4
MIA201909100,2019,9,10,F,T,F,R,Regular Season,19:10,567434,mia,mil,NL,NL,F,4169,Marlins Park,9,0,"Miami, FL",0,0,2,"Pitching Change: Tyler Kinley replaces Adam Conley, batting 9th, replacing pitcher Adam Conley.",Pitching Substitution,641755,Tyler,Kinley,Kinley,1,33,3,4
MIA201909100,2019,9,10,F,T,F,R,Regular Season,19:10,567434,mia,mil,NL,NL,F,4169,Marlins Park,9,0,"Miami, FL",2,0,2,Mound Visit.,Game Advisory,543768,Travis,Shaw,"Shaw, T",2,42,3,4
MIA201909100,2019,9,10,F,T,F,R,Regular Season,19:10,567434,mia,mil,NL,NL,F,4169,Marlins Park,9,1,"Miami, FL",0,0,0,Tyler Austin remains in the game as the first baseman.,Defensive Switch,592122,Tyler,Austin,Austin,1,49,3,4
MIA201909100,2019,9,10,F,T,F,R,Regular Season,19:10,567434,mia,mil,NL,NL,F,4169,Marlins Park,9,1,"Miami, FL",0,0,0,Mike Moustakas remains in the game as the third baseman.,Defensive Switch,519058,Mike,Moustakas,Moustakas,1,50,3,4
MIA201909100,2019,9,10,F,T,F,R,Regular Season,19:10,567434,mia,mil,NL,NL,F,4169,Marlins Park,9,1,"Miami, FL",0,0,0,"Pitching Change: Drew Pomeranz replaces Junior Guerra, batting 8th, replacing third baseman Travis Shaw.",Pitching Substitution,519141,Drew,Pomeranz,Pomeranz,1,51,3,4
MIA201909100,2019,9,10,F,T,F,R,Regular Season,19:10,567434,mia,mil,NL,NL,F,4169,Marlins Park,9,1,"Miami, FL",0,0,0,Offensive Substitution: Pinch-runner Jon Berti replaces Austin Dean.,Offensive Substitution,542932,Jon,Berti,Berti,1,54,3,4
MIA201909100,2019,9,10,F,T,F,R,Regular Season,19:10,567434,mia,mil,NL,NL,F,4169,Marlins Park,9,1,"Miami, FL",0,0,1,Offensive Substitution: Pinch-hitter Martin Prado replaces Tyler Kinley.,Offensive Substitution,445988,Martin,Prado,Prado,1,57,3,4
MIA201909100,2019,9,10,F,T,F,R,Regular Season,19:10,567434,mia,mil,NL,NL,F,4169,Marlins Park,9,1,"Miami, FL",0,0,1,Mound Visit.,Game Advisory,500743,Miguel,Rojas,Rojas,1,61,3,4
DET201909100,2019,9,10,F,T,F,R,Regular Season,18:40,565578,det,nya,AL,AL,F,2394,Comerica Park,2,0,"Detroit, MI",0,0,1,Mound Visit.,Game Advisory,596142,Gary,Sanchez,"Sánchez, G",1,39,0,6
DET201909100,2019,9,10,F,T,F,R,Regular Season,18:40,565578,det,nya,AL,AL,F,2394,Comerica Park,3,0,"Detroit, MI",0,0,0,Pitching Change: Tyler Alexander replaces Edwin Jackson.,Pitching Substitution,641302,Tyler,Alexander,Alexander,1,1,0,6
DET201909100,2019,9,10,F,T,F,R,Regular Season,18:40,565578,det,nya,AL,AL,F,2394,Comerica Park,3,0,"Detroit, MI",1,2,1,Injury Delay.,Game Advisory,570482,Gio,Urshela,Urshela,6,9,0,6
DET201909100,2019,9,10,F,T,F,R,Regular Season,18:40,565578,det,nya,AL,AL,F,2394,Comerica Park,3,1,"Detroit, MI",0,0,1,Mound Visit.,Game Advisory,600869,Jeimer,Candelario,Candelario,1,41,1,6
DET201909100,2019,9,10,F,T,F,R,Regular Season,18:40,565578,det,nya,AL,AL,F,2394,Comerica Park,3,1,"Detroit, MI",0,0,1,Mound Visit.,Game Advisory,608475,Dawel,Lugo,"Lugo, D",1,46,2,6
DET201909100,2019,9,10,F,T,F,R,Regular Season,18:40,565578,det,nya,AL,AL,F,2394,Comerica Park,3,1,"Detroit, MI",0,0,1,Pitching Change: Luis Cessa replaces Nestor Cortes Jr.,Pitching Substitution,570666,Luis,Cessa,Cessa,1,47,2,6
DET201909100,2019,9,10,F,T,F,R,Regular Season,18:40,565578,det,nya,AL,AL,F,2394,Comerica Park,6,1,"Detroit, MI",0,0,0,Pitching Change: Cory Gearrin replaces Luis Cessa.,Pitching Substitution,518715,Cory,Gearrin,Gearrin,1,21,7,8
DET201909100,2019,9,10,F,T,F,R,Regular Season,18:40,565578,det,nya,AL,AL,F,2394,Comerica Park,6,1,"Detroit, MI",0,0,1,Mound Visit.,Game Advisory,605612,Harold,Castro,"Castro, H",1,30,7,8
DET201909100,2019,9,10,F,T,F,R,Regular Season,18:40,565578,det,nya,AL,AL,F,2394,Comerica Park,6,1,"Detroit, MI",0,0,1,Pitching Change: Jonathan Loaisiga replaces Cory Gearrin.,Pitching Substitution,642528,Jonathan,Loaisiga,Loaisiga,1,31,7,8
DET201909100,2019,9,10,F,T,F,R,Regular Season,18:40,565578,det,nya,AL,AL,F,2394,Comerica Park,6,1,"Detroit, MI",1,2,2,On-field Delay.,Game Advisory,608475,Dawel,Lugo,"Lugo, D",3,45,10,8
DET201909100,2019,9,10,F,T,F,R,Regular Season,18:40,565578,det,nya,AL,AL,F,2394,Comerica Park,6,1,"Detroit, MI",0,0,2,Mound Visit.,Game Advisory,621514,Christin,Stewart,"Stewart, C",1,50,10,8
DET201909100,2019,9,10,F,T,F,R,Regular Season,18:40,565578,det,nya,AL,AL,F,2394,Comerica Park,6,1,"Detroit, MI",0,0,2,Mound Visit.,Game Advisory,641513,Travis,Demeritte,Demeritte,1,55,10,8
DET201909100,2019,9,10,F,T,F,R,Regular Season,18:40,565578,det,nya,AL,AL,F,2394,Comerica Park,6,1,"Detroit, MI",0,0,2,Pitching Change: Ryan Dull replaces Jonathan Loaisiga.,Pitching Substitution,623430,Ryan,Dull,Dull,1,56,10,8
DET201909100,2019,9,10,F,T,F,R,Regular Season,18:40,565578,det,nya,AL,AL,F,2394,Comerica Park,7,0,"Detroit, MI",0,0,0,Pitching Change: John Schreiber replaces Tyler Alexander.,Pitching Substitution,670167,John,Schreiber,Schreiber,1,1,10,8
DET201909100,2019,9,10,F,T,F,R,Regular Season,18:40,565578,det,nya,AL,AL,F,2394,Comerica Park,7,0,"Detroit, MI",1,0,2,Mound Visit.,Game Advisory,429665,Edwin,Encarnacion,Encarnación,1,26,10,8
DET201909100,2019,9,10,F,T,F,R,Regular Season,18:40,565578,det,nya,AL,AL,F,2394,Comerica Park,7,0,"Detroit, MI",0,0,2,Mound Visit.,Game Advisory,544369,Didi,Gregorius,Gregorius,1,33,10,10
DET201909100,2019,9,10,F,T,F,R,Regular Season,18:40,565578,det,nya,AL,AL,F,2394,Comerica Park,7,0,"Detroit, MI",0,0,2,Pitching Change: Daniel Stumpf replaces John Schreiber.,Pitching Substitution,621385,Daniel,Stumpf,Stumpf,1,34,10,10
DET201909100,2019,9,10,F,T,F,R,Regular Season,18:40,565578,det,nya,AL,AL,F,2394,Comerica Park,7,0,"Detroit, MI",0,0,2,Mound Visit.,Game Advisory,570482,Gio,Urshela,Urshela,1,40,10,11
DET201909100,2019,9,10,F,T,F,R,Regular Season,18:40,565578,det,nya,AL,AL,F,2394,Comerica Park,7,0,"Detroit, MI",0,0,2,Pitching Change: Jose Cisnero replaces Daniel Stumpf.,Pitching Substitution,542585,Jose,Cisnero,Cisnero,1,41,10,11
DET201909100,2019,9,10,F,T,F,R,Regular Season,18:40,565578,det,nya,AL,AL,F,2394,Comerica Park,7,1,"Detroit, MI",0,0,0,Pitching Change: Adam Ottavino replaces Ryan Dull.,Pitching Substitution,493603,Adam,Ottavino,Ottavino,1,46,10,11
DET201909100,2019,9,10,F,T,F,R,Regular Season,18:40,565578,det,nya,AL,AL,F,2394,Comerica Park,7,1,"Detroit, MI",1,1,2,Passed ball by catcher Gary Sanchez.   Jordy Mercer to 2nd.,Passed Ball,474568,Jordy,Mercer,Mercer,2,53,10,11
DET201909100,2019,9,10,F,T,F,R,Regular Season,18:40,565578,det,nya,AL,AL,F,2394,Comerica Park,8,0,"Detroit, MI",0,0,0,Pitching Change: Buck Farmer replaces Jose Cisnero.,Pitching Substitution,571656,Buck,Farmer,Farmer,1,1,11,11
DET201909100,2019,9,10,F,T,F,R,Regular Season,18:40,565578,det,nya,AL,AL,F,2394,Comerica Park,8,0,"Detroit, MI",0,0,0,Offensive Substitution: Pinch-runner Thairo Estrada replaces Mike Ford.,Offensive Substitution,642731,Thairo,Estrada,Estrada,1,10,11,11
DET201909100,2019,9,10,F,T,F,R,Regular Season,18:40,565578,det,nya,AL,AL,F,2394,Comerica Park,8,0,"Detroit, MI",0,0,1,Offensive Substitution: Pinch-hitter Luke Voit replaces Tyler Wade.,Offensive Substitution,572228,Luke,Voit,Voit,1,16,11,11
DET201909100,2019,9,10,F,T,F,R,Regular Season,18:40,565578,det,nya,AL,AL,F,2394,Comerica Park,8,0,"Detroit, MI",0,0,1,Mound Visit.,Game Advisory,572228,Luke,Voit,Voit,1,17,11,11
DET201909100,2019,9,10,F,T,F,R,Regular Season,18:40,565578,det,nya,AL,AL,F,2394,Comerica Park,8,0,"Detroit, MI",1,0,2,Thairo Estrada steals (4) 2nd base.,Stolen Base 2B,642731,Thairo,Estrada,Estrada,1,21,11,11
DET201909100,2019,9,10,F,T,F,R,Regular Season,18:40,565578,det,nya,AL,AL,F,2394,Comerica Park,8,1,"Detroit, MI",0,0,0,"Defensive Substitution: Cameron Maybin replaces  Thairo Estrada, batting 7th, playing right field.",Defensive Sub,457727,Cameron,Maybin,Maybin,1,29,11,11
DET201909100,2019,9,10,F,T,F,R,Regular Season,18:40,565578,det,nya,AL,AL,F,2394,Comerica Park,8,1,"Detroit, MI",0,0,0,Luke Voit remains in the game as the first baseman.,Defensive Switch,572228,Luke,Voit,Voit,1,30,11,11
DET201909100,2019,9,10,F,T,F,R,Regular Season,18:40,565578,det,nya,AL,AL,F,2394,Comerica Park,8,1,"Detroit, MI",0,0,0,Pitching Change: Zack Britton replaces Adam Ottavino.,Pitching Substitution,502154,Zack,Britton,Britton,1,31,11,11
DET201909100,2019,9,10,F,T,F,R,Regular Season,18:40,565578,det,nya,AL,AL,F,2394,Comerica Park,9,0,"Detroit, MI",0,0,0,Pitching Change: Joe Jimenez replaces Buck Farmer.,Pitching Substitution,641729,Joe,Jimenez,"Jiménez, J",1,1,11,11
DET201909100,2019,9,10,F,T,F,R,Regular Season,18:40,565578,det,nya,AL,AL,F,2394,Comerica Park,9,1,"Detroit, MI",0,0,0,Pitching Change: Chance Adams replaces Zack Britton.,Pitching Substitution,664856,Chance,Adams,"Adams, C",1,26,11,11
DET201909100,2019,9,10,F,T,F,R,Regular Season,18:40,565578,det,nya,AL,AL,F,2394,Comerica Park,9,1,"Detroit, MI",0,0,1,Offensive Substitution: Pinch-runner Willi Castro replaces Grayson Greiner.,Offensive Substitution,650489,Willi,Castro,"Castro, W",1,31,11,11
HOU201909100,2019,9,10,F,T,F,R,Regular Season,19:10,565679,hou,oak,AL,AL,F,2392,Minute Maid Park,1,0,"Houston, TX",0,0,1,Mound Visit.,Game Advisory,501981,Khris,Davis,"Davis, K",1,39,0,2
HOU201909100,2019,9,10,F,T,F,R,Regular Season,19:10,565679,hou,oak,AL,AL,F,2392,Minute Maid Park,1,0,"Houston, TX",0,0,1,Mound Visit.,Game Advisory,543760,Marcus,Semien,Semien,1,71,0,6
HOU201909100,2019,9,10,F,T,F,R,Regular Season,19:10,565679,hou,oak,AL,AL,F,2392,Minute Maid Park,1,0,"Houston, TX",0,0,1,Pitching Change: Cy Sneed replaces Wade Miley.,Pitching Substitution,605482,Cy,Sneed,Sneed,1,72,0,6
HOU201909100,2019,9,10,F,T,F,R,Regular Season,19:10,565679,hou,oak,AL,AL,F,2392,Minute Maid Park,2,1,"Houston, TX",0,0,0,Mound Visit.,Game Advisory,649557,Aledmys,Diaz,"Díaz, A",1,40,1,9
HOU201909100,2019,9,10,F,T,F,R,Regular Season,19:10,565679,hou,oak,AL,AL,F,2392,Minute Maid Park,2,1,"Houston, TX",2,2,1,Passed ball by catcher Sean Murphy.   Yordan Alvarez to 2nd.,Passed Ball,670541,Yordan,Alvarez,Alvarez,4,43,1,9
HOU201909100,2019,9,10,F,T,F,R,Regular Season,19:10,565679,hou,oak,AL,AL,F,2392,Minute Maid Park,4,0,"Houston, TX",0,0,0,Pitching Change: Joe Biagini replaces Cy Sneed.,Pitching Substitution,607352,Joe,Biagini,Biagini,1,1,2,11
HOU201909100,2019,9,10,F,T,F,R,Regular Season,19:10,565679,hou,oak,AL,AL,F,2392,Minute Maid Park,4,0,"Houston, TX",0,0,0,Mound Visit.,Game Advisory,656305,Matt,Chapman,"Chapman, M",1,28,2,15
HOU201909100,2019,9,10,F,T,F,R,Regular Season,19:10,565679,hou,oak,AL,AL,F,2392,Minute Maid Park,4,0,"Houston, TX",0,0,0,Mound Visit.,Game Advisory,592192,Mark,Canha,Canha,1,45,2,17
HOU201909100,2019,9,10,F,T,F,R,Regular Season,19:10,565679,hou,oak,AL,AL,F,2392,Minute Maid Park,4,0,"Houston, TX",0,0,0,Pitching Change: Chris Devenski replaces Joe Biagini.,Pitching Substitution,606965,Chris,Devenski,Devenski,1,46,2,17
HOU201909100,2019,9,10,F,T,F,R,Regular Season,19:10,565679,hou,oak,AL,AL,F,2392,Minute Maid Park,5,0,"Houston, TX",0,0,0,"Defensive Substitution: Jake Marisnick replaces second baseman Jose Altuve, batting 2nd, playing center field.",Defensive Sub,545350,Jake,Marisnick,Marisnick,1,1,2,17
HOU201909100,2019,9,10,F,T,F,R,Regular Season,19:10,565679,hou,oak,AL,AL,F,2392,Minute Maid Park,5,0,"Houston, TX",0,0,0,"Defensive Substitution: Kyle Tucker replaces center fielder George Springer, batting 1st, playing first base.",Defensive Sub,663656,Kyle,Tucker,Tucker,1,2,2,17
HOU201909100,2019,9,10,F,T,F,R,Regular Season,19:10,565679,hou,oak,AL,AL,F,2392,Minute Maid Park,5,0,"Houston, TX",0,0,0,"Defensive Substitution: Garrett Stubbs replaces left fielder Michael Brantley, batting 3rd, playing left field.",Defensive Sub,596117,Garrett,Stubbs,Stubbs,1,3,2,17
HOU201909100,2019,9,10,F,T,F,R,Regular Season,19:10,565679,hou,oak,AL,AL,F,2392,Minute Maid Park,5,0,"Houston, TX",0,0,0,"Defensive Substitution: Myles Straw replaces shortstop Alex Bregman, batting 4th, playing shortstop.",Defensive Sub,664702,Myles,Straw,Straw,1,4,2,17
HOU201909100,2019,9,10,F,T,F,R,Regular Season,19:10,565679,hou,oak,AL,AL,F,2392,Minute Maid Park,5,0,"Houston, TX",0,0,0,Defensive switch from first base to second base for Aledmys Diaz.,Defensive Switch,649557,Aledmys,Diaz,"Díaz, A",1,5,2,17
HOU201909100,2019,9,10,F,T,F,R,Regular Season,19:10,565679,hou,oak,AL,AL,F,2392,Minute Maid Park,5,1,"Houston, TX",0,0,0,Offensive Substitution: Pinch-hitter Martin Maldonado replaces Robinson Chirinos.,Offensive Substitution,455117,Martin,Maldonado,Maldonado,1,44,2,19
HOU201909100,2019,9,10,F,T,F,R,Regular Season,19:10,565679,hou,oak,AL,AL,F,2392,Minute Maid Park,6,0,"Houston, TX",0,0,0,Defensive switch from first base to left field for Kyle Tucker.,Defensive Switch,663656,Kyle,Tucker,Tucker,1,1,3,19
HOU201909100,2019,9,10,F,T,F,R,Regular Season,19:10,565679,hou,oak,AL,AL,F,2392,Minute Maid Park,6,0,"Houston, TX",0,0,0,Defensive switch from left field to catcher for Garrett Stubbs.,Defensive Switch,596117,Garrett,Stubbs,Stubbs,1,2,3,19
HOU201909100,2019,9,10,F,T,F,R,Regular Season,19:10,565679,hou,oak,AL,AL,F,2392,Minute Maid Park,6,0,"Houston, TX",0,0,0,Martin Maldonado remains in the game as the first baseman.,Defensive Switch,455117,Martin,Maldonado,Maldonado,1,3,3,19
HOU201909100,2019,9,10,F,T,F,R,Regular Season,19:10,565679,hou,oak,AL,AL,F,2392,Minute Maid Park,6,0,"Houston, TX",0,0,0,Pitching Change: Framber Valdez replaces Chris Devenski.,Pitching Substitution,664285,Framber,Valdez,"Valdez, F",1,4,3,19
HOU201909100,2019,9,10,F,T,F,R,Regular Season,19:10,565679,hou,oak,AL,AL,F,2392,Minute Maid Park,6,1,"Houston, TX",0,0,0,"Defensive Substitution: Franklin Barreto replaces shortstop Marcus Semien, batting 1st, playing shortstop.",Defensive Sub,620439,Franklin,Barreto,Barreto,1,34,3,20
HOU201909100,2019,9,10,F,T,F,R,Regular Season,19:10,565679,hou,oak,AL,AL,F,2392,Minute Maid Park,6,1,"Houston, TX",0,0,0,"Defensive Substitution: Sheldon Neuse replaces third baseman Matt Chapman, batting 2nd, playing third base.",Defensive Sub,641914,Sheldon,Neuse,Neuse,1,35,3,20
HOU201909100,2019,9,10,F,T,F,R,Regular Season,19:10,565679,hou,oak,AL,AL,F,2392,Minute Maid Park,6,1,"Houston, TX",0,0,2,Mound Visit.,Game Advisory,455117,Martin,Maldonado,Maldonado,1,49,5,20
HOU201909100,2019,9,10,F,T,F,R,Regular Season,19:10,565679,hou,oak,AL,AL,F,2392,Minute Maid Park,6,1,"Houston, TX",0,0,2,Pitching Change: Ryan Buchter replaces Tanner Roark.,Pitching Substitution,488748,Ryan,Buchter,Buchter,1,50,5,20
HOU201909100,2019,9,10,F,T,F,R,Regular Season,19:10,565679,hou,oak,AL,AL,F,2392,Minute Maid Park,7,1,"Houston, TX",0,0,0,"Defensive Substitution: Seth Brown replaces first baseman Matt Olson, batting 3rd, playing first base.",Defensive Sub,664913,Seth,Brown,Brown,1,18,5,20
HOU201909100,2019,9,10,F,T,F,R,Regular Season,19:10,565679,hou,oak,AL,AL,F,2392,Minute Maid Park,7,1,"Houston, TX",0,0,0,Pitching Change: Daniel Mengden replaces Ryan Buchter.,Pitching Substitution,596043,Daniel,Mengden,Mengden,1,19,5,20
HOU201909100,2019,9,10,F,T,F,R,Regular Season,19:10,565679,hou,oak,AL,AL,F,2392,Minute Maid Park,8,1,"Houston, TX",0,0,0,"Defensive Substitution: Beau Taylor replaces catcher Sean Murphy, batting 8th, playing catcher.",Defensive Sub,607333,Beau,Taylor,Taylor,1,23,5,20
SFN201909100,2019,9,10,F,T,F,R,Regular Season,18:45,566540,sfn,pit,NL,NL,F,2395,Oracle Park,1,1,"San Francisco, CA",0,0,1,Mound Visit.,Game Advisory,543063,Brandon,Crawford,Crawford,1,32,2,0
SFN201909100,2019,9,10,F,T,F,R,Regular Season,18:45,566540,sfn,pit,NL,NL,F,2395,Oracle Park,3,0,"San Francisco, CA",1,0,2,Mound Visit.,Game Advisory,621028,Kevin,Newman,Newman,1,14,3,0
SFN201909100,2019,9,10,F,T,F,R,Regular Season,18:45,566540,sfn,pit,NL,NL,F,2395,Oracle Park,5,1,"San Francisco, CA",0,0,2,Mound Visit.,Game Advisory,607680,Kevin,Pillar,Pillar,1,32,5,0
SFN201909100,2019,9,10,F,T,F,R,Regular Season,18:45,566540,sfn,pit,NL,NL,F,2395,Oracle Park,6,0,"San Francisco, CA",0,0,0,"Pitching Change: Kyle Barraclough replaces Johnny Cueto, batting 9th, replacing pitcher Johnny Cueto.",Pitching Substitution,607457,Kyle,Barraclough,Barraclough,1,1,5,0
SFN201909100,2019,9,10,F,T,F,R,Regular Season,18:45,566540,sfn,pit,NL,NL,F,2395,Oracle Park,6,0,"San Francisco, CA",0,0,0,On-field Delay.,Game Advisory,656605,Mitch,Keller,Keller,1,2,5,0
SFN201909100,2019,9,10,F,T,F,R,Regular Season,18:45,566540,sfn,pit,NL,NL,F,2395,Oracle Park,6,0,"San Francisco, CA",0,0,0,Umpire Mike Estabrook moving to HP.,Umpire Substitution,482631,Unknown,Unknown,Unknown,1,3,5,0
SFN201909100,2019,9,10,F,T,F,R,Regular Season,18:45,566540,sfn,pit,NL,NL,F,2395,Oracle Park,6,0,"San Francisco, CA",0,0,0,Umpire change:  NO UMPIRE replaces HP umpire Mike Estabrook.,Umpire Substitution,433417,Unknown,Unknown,Unknown,1,4,5,0
SFN201909100,2019,9,10,F,T,F,R,Regular Season,18:45,566540,sfn,pit,NL,NL,F,2395,Oracle Park,6,0,"San Francisco, CA",0,0,0,Offensive Substitution: Pinch-hitter Cole Tucker replaces Mitch Keller.,Offensive Substitution,657061,Cole,Tucker,Tucker,1,5,5,0
SFN201909100,2019,9,10,F,T,F,R,Regular Season,18:45,566540,sfn,pit,NL,NL,F,2395,Oracle Park,6,0,"San Francisco, CA",1,0,0,Wild pitch by pitcher Kyle Barraclough.   Cole Tucker to 2nd.,Wild Pitch,657061,Cole,Tucker,Tucker,1,11,5,0
SFN201909100,2019,9,10,F,T,F,R,Regular Season,18:45,566540,sfn,pit,NL,NL,F,2395,Oracle Park,6,0,"San Francisco, CA",0,0,0,Mound Visit.,Game Advisory,668804,Bryan,Reynolds,"Reynolds, B",1,19,5,0
SFN201909100,2019,9,10,F,T,F,R,Regular Season,18:45,566540,sfn,pit,NL,NL,F,2395,Oracle Park,6,0,"San Francisco, CA",0,0,0,Pitching Change: Andrew Suarez replaces Kyle Barraclough.,Pitching Substitution,605498,Andrew,Suarez,"Suárez, A",1,20,5,0
SFN201909100,2019,9,10,F,T,F,R,Regular Season,18:45,566540,sfn,pit,NL,NL,F,2395,Oracle Park,6,1,"San Francisco, CA",0,0,0,"Pitching Change: Clay Holmes replaces Mitch Keller, batting 9th.",Pitching Substitution,605280,Clay,Holmes,"Holmes, C",1,44,5,0
SFN201909100,2019,9,10,F,T,F,R,Regular Season,18:45,566540,sfn,pit,NL,NL,F,2395,Oracle Park,7,1,"San Francisco, CA",0,0,0,Offensive Substitution: Pinch-hitter Corban Joseph replaces Andrew Suarez.,Offensive Substitution,543377,Corban,Joseph,"Joseph, Co",1,19,5,0
SFN201909100,2019,9,10,F,T,F,R,Regular Season,18:45,566540,sfn,pit,NL,NL,F,2395,Oracle Park,8,0,"San Francisco, CA",0,0,0,"Pitching Change: Sam Coonrod replaces Andrew Suarez, batting 9th.",Pitching Substitution,656322,Sam,Coonrod,Coonrod,1,1,5,0
SFN201909100,2019,9,10,F,T,F,R,Regular Season,18:45,566540,sfn,pit,NL,NL,F,2395,Oracle Park,8,0,"San Francisco, CA",0,0,1,Offensive Substitution: Pinch-hitter Pablo Reyes replaces Clay Holmes.,Offensive Substitution,622569,Pablo,Reyes,"Reyes, P",1,11,5,0
SFN201909100,2019,9,10,F,T,F,R,Regular Season,18:45,566540,sfn,pit,NL,NL,F,2395,Oracle Park,8,0,"San Francisco, CA",0,0,2,Mound Visit.,Game Advisory,668804,Bryan,Reynolds,"Reynolds, B",1,19,5,0
SFN201909100,2019,9,10,F,T,F,R,Regular Season,18:45,566540,sfn,pit,NL,NL,F,2395,Oracle Park,8,0,"San Francisco, CA",0,0,2,Mound Visit.,Game Advisory,592567,Colin,Moran,Moran,1,25,5,0
SFN201909100,2019,9,10,F,T,F,R,Regular Season,18:45,566540,sfn,pit,NL,NL,F,2395,Oracle Park,8,0,"San Francisco, CA",0,0,2,"Pitching Change: Wandy Peralta replaces Sam Coonrod, batting 9th, replacing pitcher Sam Coonrod.",Pitching Substitution,593974,Wandy,Peralta,"Peralta, Wa",1,26,5,0
SFN201909100,2019,9,10,F,T,F,R,Regular Season,18:45,566540,sfn,pit,NL,NL,F,2395,Oracle Park,8,0,"San Francisco, CA",0,0,2,Offensive Substitution: Pinch-hitter Melky Cabrera replaces Colin Moran.,Offensive Substitution,466320,Melky,Cabrera,"Cabrera, Me",1,27,5,0
SFN201909100,2019,9,10,F,T,F,R,Regular Season,18:45,566540,sfn,pit,NL,NL,F,2395,Oracle Park,8,0,"San Francisco, CA",0,0,2,Mound Visit.,Game Advisory,605137,Josh,Bell,Bell,1,37,5,2
SFN201909100,2019,9,10,F,T,F,R,Regular Season,18:45,566540,sfn,pit,NL,NL,F,2395,Oracle Park,8,0,"San Francisco, CA",0,0,2,Mound Visit.,Game Advisory,591741,Jose,Osuna,Osuna,1,46,5,4
SFN201909100,2019,9,10,F,T,F,R,Regular Season,18:45,566540,sfn,pit,NL,NL,F,2395,Oracle Park,8,0,"San Francisco, CA",0,0,2,Pitching Change: Shaun Anderson replaces Wandy Peralta.,Pitching Substitution,641312,Shaun,Anderson,"Anderson, S",1,47,5,4
SFN201909100,2019,9,10,F,T,F,R,Regular Season,18:45,566540,sfn,pit,NL,NL,F,2395,Oracle Park,8,1,"San Francisco, CA",0,0,0,Melky Cabrera remains in the game as the right fielder.,Defensive Switch,466320,Melky,Cabrera,"Cabrera, Me",1,55,5,4
SFN201909100,2019,9,10,F,T,F,R,Regular Season,18:45,566540,sfn,pit,NL,NL,F,2395,Oracle Park,8,1,"San Francisco, CA",0,0,0,Pablo Reyes remains in the game as the third baseman.,Defensive Switch,622569,Pablo,Reyes,"Reyes, P",1,56,5,4
SFN201909100,2019,9,10,F,T,F,R,Regular Season,18:45,566540,sfn,pit,NL,NL,F,2395,Oracle Park,8,1,"San Francisco, CA",0,0,0,"Pitching Change: Francisco Liriano replaces Clay Holmes, batting 5th, replacing right fielder Jose Osuna.",Pitching Substitution,434538,Francisco,Liriano,Liriano,1,57,5,4
SFN201909100,2019,9,10,F,T,F,R,Regular Season,18:45,566540,sfn,pit,NL,NL,F,2395,Oracle Park,9,0,"San Francisco, CA",0,0,0,"Defensive Substitution: Buster Posey replaces catcher Stephen Vogt, batting 4th, playing catcher.",Defensive Sub,457763,Buster,Posey,Posey,1,1,5,4
SFN201909100,2019,9,10,F,T,F,R,Regular Season,18:45,566540,sfn,pit,NL,NL,F,2395,Oracle Park,9,0,"San Francisco, CA",0,0,1,Offensive Substitution: Pinch-runner Starling Marte replaces Jacob Stallings.,Offensive Substitution,516782,Starling,Marte,"Marte, S",1,18,5,4
COL201909100,2019,9,10,F,T,F,R,Regular Season,18:40,565482,col,sln,NL,NL,F,19,Coors Field,5,0,"Denver, CO",0,0,1,Offensive Substitution: Pinch-hitter Matt Carpenter replaces Michael Wacha.,Offensive Substitution,572761,Matt,Carpenter,"Carpenter, M",1,23,2,1
COL201909100,2019,9,10,F,T,F,R,Regular Season,18:40,565482,col,sln,NL,NL,F,19,Coors Field,5,0,"Denver, CO",0,0,1,Mound Visit.,Game Advisory,572761,Matt,Carpenter,"Carpenter, M",1,24,2,1
COL201909100,2019,9,10,F,T,F,R,Regular Season,18:40,565482,col,sln,NL,NL,F,19,Coors Field,5,1,"Denver, CO",0,0,0,"Pitching Change: Ryan Helsley replaces Michael Wacha, batting 9th.",Pitching Substitution,664854,Ryan,Helsley,Helsley,1,38,2,1
COL201909100,2019,9,10,F,T,F,R,Regular Season,18:40,565482,col,sln,NL,NL,F,19,Coors Field,7,0,"Denver, CO",0,0,0,"Pitching Change: Bryan Shaw replaces Chi Chi Gonzalez, batting 9th, replacing pitcher Chi Chi Gonzalez.",Pitching Substitution,543766,Bryan,Shaw,"Shaw, B",1,1,2,1
COL201909100,2019,9,10,F,T,F,R,Regular Season,18:40,565482,col,sln,NL,NL,F,19,Coors Field,7,0,"Denver, CO",1,1,0,Mound Visit.,Game Advisory,425877,Yadier,Molina,Molina,2,11,2,1
COL201909100,2019,9,10,F,T,F,R,Regular Season,18:40,565482,col,sln,NL,NL,F,19,Coors Field,7,0,"Denver, CO",0,0,1,Mound Visit.,Game Advisory,664056,Harrison,Bader,Bader,1,25,2,1
COL201909100,2019,9,10,F,T,F,R,Regular Season,18:40,565482,col,sln,NL,NL,F,19,Coors Field,7,0,"Denver, CO",0,0,1,"Defensive Substitution: Yonathan Daza replaces pitcher Bryan Shaw, batting 9th, playing center field.",Defensive Sub,602074,Yonathan,Daza,Daza,1,26,2,1
COL201909100,2019,9,10,F,T,F,R,Regular Season,18:40,565482,col,sln,NL,NL,F,19,Coors Field,7,0,"Denver, CO",0,0,1,"Pitching Change: Carlos Estevez replaces Bryan Shaw, batting 7th, replacing center fielder Sam Hilliard.",Pitching Substitution,608032,Carlos,Estevez,Estévez,1,27,2,1
COL201909100,2019,9,10,F,T,F,R,Regular Season,18:40,565482,col,sln,NL,NL,F,19,Coors Field,7,0,"Denver, CO",0,0,2,Offensive Substitution: Pinch-hitter Jose Martinez replaces Ryan Helsley.,Offensive Substitution,500874,Jose,Martinez,"Martínez, Jo",1,36,2,1
COL201909100,2019,9,10,F,T,F,R,Regular Season,18:40,565482,col,sln,NL,NL,F,19,Coors Field,7,1,"Denver, CO",0,0,0,"Pitching Change: Giovanny Gallegos replaces Ryan Helsley, batting 9th.",Pitching Substitution,606149,Giovanny,Gallegos,Gallegos,1,42,2,1
COL201909100,2019,9,10,F,T,F,R,Regular Season,18:40,565482,col,sln,NL,NL,F,19,Coors Field,8,0,"Denver, CO",0,0,0,"Defensive Substitution: Garrett Hampson replaces pitcher Carlos Estevez, batting 7th, playing center field.",Defensive Sub,641658,Garrett,Hampson,Hampson,1,1,2,1
COL201909100,2019,9,10,F,T,F,R,Regular Season,18:40,565482,col,sln,NL,NL,F,19,Coors Field,8,0,"Denver, CO",0,0,0,"Pitching Change: Jairo Diaz replaces Carlos Estevez, batting 9th, replacing center fielder Yonathan Daza.",Pitching Substitution,545064,Jairo,Diaz,"Díaz, Ja",1,2,2,1
COL201909100,2019,9,10,F,T,F,R,Regular Season,18:40,565482,col,sln,NL,NL,F,19,Coors Field,8,1,"Denver, CO",1,1,2,Mound Visit.,Game Advisory,502517,Daniel,Murphy,"Murphy, D",2,27,2,1
COL201909100,2019,9,10,F,T,F,R,Regular Season,18:40,565482,col,sln,NL,NL,F,19,Coors Field,9,0,"Denver, CO",0,0,1,Offensive Substitution: Pinch-runner Randy Arozarena replaces Yadier Molina.,Offensive Substitution,668227,Randy,Arozarena,Arozarena,1,13,2,1
TEX201909100,2019,9,10,F,T,F,R,Regular Season,19:05,566837,tex,tba,AL,AL,F,13,Globe Life Park in Arlington,4,1,"Arlington, TX",0,0,0,Injury Delay.,Game Advisory,462101,Elvis,Andrus,Andrus,1,23,0,0
TEX201909100,2019,9,10,F,T,F,R,Regular Season,19:05,566837,tex,tba,AL,AL,F,13,Globe Life Park in Arlington,5,0,"Arlington, TX",0,0,2,Mound Visit.,Game Advisory,541645,Avisail,Garcia,"García, Av",1,32,3,1
TEX201909100,2019,9,10,F,T,F,R,Regular Season,19:05,566837,tex,tba,AL,AL,F,13,Globe Life Park in Arlington,6,1,"Arlington, TX",0,0,2,Mound Visit.,Game Advisory,669256,Nick,Solak,Solak,1,24,3,1
TEX201909100,2019,9,10,F,T,F,R,Regular Season,19:05,566837,tex,tba,AL,AL,F,13,Globe Life Park in Arlington,7,0,"Arlington, TX",2,2,2,"Kean Wong caught stealing 2nd base, catcher Jeff Mathis to shortstop Elvis Andrus.",Caught Stealing 2B,642221,Kean,Wong,"Wong, Ke",4,14,3,1
TEX201909100,2019,9,10,F,T,F,R,Regular Season,19:05,566837,tex,tba,AL,AL,F,13,Globe Life Park in Arlington,7,1,"Arlington, TX",0,1,2,"Rougned Odor steals (9) 2nd base.   Rougned Odor to 3rd.  Rougned Odor advances to 3rd, on a throwing error by catcher Michael Perez.",Stolen Base 2B,596059,Rougned,Odor,Odor,1,30,3,1
TEX201909100,2019,9,10,F,T,F,R,Regular Season,19:05,566837,tex,tba,AL,AL,F,13,Globe Life Park in Arlington,8,0,"Arlington, TX",0,0,0,Pitching Change: Rafael Montero replaces Lance Lynn.,Pitching Substitution,606160,Rafael,Montero,"Montero, R",1,1,3,1
TEX201909100,2019,9,10,F,T,F,R,Regular Season,19:05,566837,tex,tba,AL,AL,F,13,Globe Life Park in Arlington,8,1,"Arlington, TX",0,0,0,Defensive switch from third base to second base for Joey Wendle.,Defensive Switch,621563,Joey,Wendle,Wendle,1,30,3,3
TEX201909100,2019,9,10,F,T,F,R,Regular Season,19:05,566837,tex,tba,AL,AL,F,13,Globe Life Park in Arlington,8,1,"Arlington, TX",0,0,0,"Defensive Substitution: Matt Duffy replaces right fielder Avisail Garcia, batting 3rd, playing third base.",Defensive Sub,622110,Matt,Duffy,"Duffy, M",1,31,3,3
TEX201909100,2019,9,10,F,T,F,R,Regular Season,19:05,566837,tex,tba,AL,AL,F,13,Globe Life Park in Arlington,8,1,"Arlington, TX",0,0,0,Defensive switch from second base to right field for Kean Wong.,Defensive Switch,642221,Kean,Wong,"Wong, Ke",1,32,3,3
TEX201909100,2019,9,10,F,T,F,R,Regular Season,19:05,566837,tex,tba,AL,AL,F,13,Globe Life Park in Arlington,8,1,"Arlington, TX",0,0,0,Pitching Change: Nick Anderson replaces Ryan Yarbrough.,Pitching Substitution,623433,Nick,Anderson,"Anderson, N",1,33,3,3
TEX201909100,2019,9,10,F,T,F,R,Regular Season,19:05,566837,tex,tba,AL,AL,F,13,Globe Life Park in Arlington,9,0,"Arlington, TX",0,0,0,Pitching Change: Jose Leclerc replaces Rafael Montero.,Pitching Substitution,600917,Jose,Leclerc,Leclerc,1,1,3,3
TEX201909100,2019,9,10,F,T,F,R,Regular Season,19:05,566837,tex,tba,AL,AL,F,13,Globe Life Park in Arlington,9,0,"Arlington, TX",2,2,1,Rays right fielder Avisail Garcia left the game due to an injured hip.,Injury,541645,Avisail,Garcia,"García, Av",5,7,3,3
TEX201909100,2019,9,10,F,T,F,R,Regular Season,19:05,566837,tex,tba,AL,AL,F,13,Globe Life Park in Arlington,9,1,"Arlington, TX",0,0,0,Pitching Change: Colin Poche replaces Nick Anderson.,Pitching Substitution,621363,Colin,Poche,Poche,1,25,3,3
TEX201909100,2019,9,10,F,T,F,R,Regular Season,19:05,566837,tex,tba,AL,AL,F,13,Globe Life Park in Arlington,9,1,"Arlington, TX",3,1,2,Danny Santana steals (14) 2nd base.,Stolen Base 2B,542454,Danny,Santana,"Santana, D",4,32,3,3
TEX201909100,2019,9,10,F,T,F,R,Regular Season,19:05,566837,tex,tba,AL,AL,F,13,Globe Life Park in Arlington,9,1,"Arlington, TX",0,0,2,Mound Visit.,Game Advisory,643396,Isiah,Kiner-Falefa,Kiner-Falefa,1,36,3,3
TEX201909100,2019,9,10,F,T,F,R,Regular Season,19:05,566837,tex,tba,AL,AL,F,13,Globe Life Park in Arlington,9,1,"Arlington, TX",1,1,2,Danny Santana steals (15) 3rd base.  Rougned Odor steals (10) 2nd base.,Stolen Base 3B,542454,Danny,Santana,"Santana, D",2,37,3,3
TEX201909100,2019,9,10,F,T,F,R,Regular Season,19:05,566837,tex,tba,AL,AL,F,13,Globe Life Park in Arlington,10,0,"Arlington, TX",0,0,0,Pitching Change: Emmanuel Clase replaces Jose Leclerc.,Pitching Substitution,661403,Emmanuel,Clase,Clase,1,1,3,3
TEX201909100,2019,9,10,F,T,F,R,Regular Season,19:05,566837,tex,tba,AL,AL,F,13,Globe Life Park in Arlington,10,0,"Arlington, TX",0,0,0,Offensive Substitution: Pinch-hitter Eric Sogard replaces Michael Perez.,Offensive Substitution,519299,Eric,Sogard,Sogard,1,2,3,3
TEX201909100,2019,9,10,F,T,F,R,Regular Season,19:05,566837,tex,tba,AL,AL,F,13,Globe Life Park in Arlington,10,1,"Arlington, TX",0,0,0,"Defensive Substitution: Mike Zunino replaces  Eric Sogard, batting 9th, playing catcher.",Defensive Sub,572287,Mike,Zunino,Zunino,1,24,3,3
TEX201909100,2019,9,10,F,T,F,R,Regular Season,19:05,566837,tex,tba,AL,AL,F,13,Globe Life Park in Arlington,10,1,"Arlington, TX",0,0,0,Pitching Change: Emilio Pagan replaces Colin Poche.,Pitching Substitution,641941,Emilio,Pagan,Pagán,1,25,3,3
TEX201909100,2019,9,10,F,T,F,R,Regular Season,19:05,566837,tex,tba,AL,AL,F,13,Globe Life Park in Arlington,11,0,"Arlington, TX",0,0,2,Mound Visit.,Game Advisory,572287,Mike,Zunino,Zunino,1,42,3,5
TEX201909100,2019,9,10,F,T,F,R,Regular Season,19:05,566837,tex,tba,AL,AL,F,13,Globe Life Park in Arlington,11,0,"Arlington, TX",0,0,2,Pitching Change: Shawn Kelley replaces Emmanuel Clase.,Pitching Substitution,518875,Shawn,Kelley,Kelley,1,43,3,5
TEX201909100,2019,9,10,F,T,F,R,Regular Season,19:05,566837,tex,tba,AL,AL,F,13,Globe Life Park in Arlington,11,1,"Arlington, TX",0,0,0,Pitching Change: Peter Fairbanks replaces Emilio Pagan.,Pitching Substitution,664126,Peter,Fairbanks,Fairbanks,1,49,3,5
MIN201909100,2019,9,10,F,T,F,R,Regular Season,18:40,567033,min,was,AL,NL,T,3312,Target Field,5,0,"Minneapolis, MN",1,0,1,Throwing error by pitcher Jose Berrios on the pickoff attempt.,Pickoff Error 1B,435062,Howie,Kendrick,Kendrick,1,13,0,0
MIN201909100,2019,9,10,F,T,F,R,Regular Season,18:40,567033,min,was,AL,NL,T,3312,Target Field,6,1,"Minneapolis, MN",1,0,1,Mound Visit.,Game Advisory,593871,Jorge,Polanco,"Polanco, J",1,24,0,0
MIN201909100,2019,9,10,F,T,F,R,Regular Season,18:40,567033,min,was,AL,NL,T,3312,Target Field,8,0,"Minneapolis, MN",0,0,0,Pitching Change: Sergio Romo replaces Jose Berrios.,Pitching Substitution,489265,Sergio,Romo,Romo,1,1,2,0
MIN201909100,2019,9,10,F,T,F,R,Regular Season,18:40,567033,min,was,AL,NL,T,3312,Target Field,8,0,"Minneapolis, MN",0,0,0,"Defensive Substitution: C.  J. Cron replaces first baseman Willians Astudillo, batting 7th, playing first base.",Defensive Sub,543068,C.J.,Cron,"Cron, C",1,2,2,0
MIN201909100,2019,9,10,F,T,F,R,Regular Season,18:40,567033,min,was,AL,NL,T,3312,Target Field,8,1,"Minneapolis, MN",0,0,0,Pitching Change: Tanner Rainey replaces Anibal Sanchez.,Pitching Substitution,663432,Tanner,Rainey,Rainey,1,25,2,0
MIN201909100,2019,9,10,F,T,F,R,Regular Season,18:40,567033,min,was,AL,NL,T,3312,Target Field,8,1,"Minneapolis, MN",1,0,0,Wild pitch by pitcher Tanner Rainey.   Jonathan Schoop to 3rd.    Luis Arraez to 2nd.,Wild Pitch,570731,Jonathan,Schoop,Schoop,1,32,2,0
MIN201909100,2019,9,10,F,T,F,R,Regular Season,18:40,567033,min,was,AL,NL,T,3312,Target Field,8,1,"Minneapolis, MN",1,0,0,Mound Visit.,Game Advisory,443558,Nelson,Cruz,Cruz,1,40,4,0
MIN201909100,2019,9,10,F,T,F,R,Regular Season,18:40,567033,min,was,AL,NL,T,3312,Target Field,8,1,"Minneapolis, MN",0,0,1,Mound Visit.,Game Advisory,501303,Ehire,Adrianza,Adrianza,1,49,4,0
MIN201909100,2019,9,10,F,T,F,R,Regular Season,18:40,567033,min,was,AL,NL,T,3312,Target Field,8,1,"Minneapolis, MN",0,0,1,Pitching Change: Javy Guerra replaces Tanner Rainey.,Pitching Substitution,457915,Javy,Guerra,"Guerra, Ja",1,50,4,0
MIN201909100,2019,9,10,F,T,F,R,Regular Season,18:40,567033,min,was,AL,NL,T,3312,Target Field,9,0,"Minneapolis, MN",0,0,0,"Defensive Substitution: Ian Miller replaces left fielder Luis Arraez, batting 1st, playing center field.",Defensive Sub,641878,Ian,Miller,"Miller, I",1,1,5,0
MIN201909100,2019,9,10,F,T,F,R,Regular Season,18:40,567033,min,was,AL,NL,T,3312,Target Field,9,0,"Minneapolis, MN",0,0,0,Defensive switch from center field to left field for LaMonte Wade.,Defensive Switch,664774,LaMonte,Wade,Wade,1,2,5,0
MIN201909100,2019,9,10,F,T,F,R,Regular Season,18:40,567033,min,was,AL,NL,T,3312,Target Field,9,0,"Minneapolis, MN",0,0,0,Pitching Change: Trevor May replaces Sergio Romo.,Pitching Substitution,543507,Trevor,May,May,1,3,5,0
